ERROR: Pillow not installed. pip install Pillow
/home/ianmcwherter/golden-home-project/automation/post_pinterest.py:75: DeprecationWarning: datetime.datetime.utcnow() is deprecated and scheduled for removal in a future version. Use timezone-aware objects to represent datetimes in UTC: datetime.datetime.now(datetime.UTC).
  today = dt.datetime.utcnow().strftime("%Y-%m-%d")
[pinterest] daily cap (1) reached; 7 still pending.
/home/ianmcwherter/golden-home-project/automation/post_pinterest.py:75: DeprecationWarning: datetime.datetime.utcnow() is deprecated and scheduled for removal in a future version. Use timezone-aware objects to represent datetimes in UTC: datetime.datetime.now(datetime.UTC).
  today = dt.datetime.utcnow().strftime("%Y-%m-%d")
[pinterest] daily cap (2) reached; 7 still pending.
ERROR: Pillow not installed. pip install Pillow
/home/ianmcwherter/golden-home-project/automation/post_pinterest.py:75: DeprecationWarning: datetime.datetime.utcnow() is deprecated and scheduled for removal in a future version. Use timezone-aware objects to represent datetimes in UTC: datetime.datetime.now(datetime.UTC).
  today = dt.datetime.utcnow().strftime("%Y-%m-%d")
/home/ianmcwherter/golden-home-project/automation/post_pinterest.py:63: DeprecationWarning: datetime.datetime.utcnow() is deprecated and scheduled for removal in a future version. Use timezone-aware objects to represent datetimes in UTC: datetime.datetime.now(datetime.UTC).
  e = {"ts": dt.datetime.utcnow().strftime("%Y-%m-%dT%H:%M:%SZ"),
/home/ianmcwherter/golden-home-project/automation/post_pinterest.py:255: DeprecationWarning: datetime.datetime.utcnow() is deprecated and scheduled for removal in a future version. Use timezone-aware objects to represent datetimes in UTC: datetime.datetime.now(datetime.UTC).
  pin["posted_at"] = dt.datetime.utcnow().strftime("%Y-%m-%dT%H:%M:%SZ")
[pinterest] pin-2026-05-30-B08PP48979: published
[pinterest] 1 pin(s) published; 6 pending.
/home/ianmcwherter/golden-home-project/automation/post_pinterest.py:75: DeprecationWarning: datetime.datetime.utcnow() is deprecated and scheduled for removal in a future version. Use timezone-aware objects to represent datetimes in UTC: datetime.datetime.now(datetime.UTC).
  today = dt.datetime.utcnow().strftime("%Y-%m-%d")
/home/ianmcwherter/golden-home-project/automation/post_pinterest.py:63: DeprecationWarning: datetime.datetime.utcnow() is deprecated and scheduled for removal in a future version. Use timezone-aware objects to represent datetimes in UTC: datetime.datetime.now(datetime.UTC).
  e = {"ts": dt.datetime.utcnow().strftime("%Y-%m-%dT%H:%M:%SZ"),
/home/ianmcwherter/golden-home-project/automation/post_pinterest.py:255: DeprecationWarning: datetime.datetime.utcnow() is deprecated and scheduled for removal in a future version. Use timezone-aware objects to represent datetimes in UTC: datetime.datetime.now(datetime.UTC).
  pin["posted_at"] = dt.datetime.utcnow().strftime("%Y-%m-%dT%H:%M:%SZ")
/home/ianmcwherter/golden-home-project/automation/post_pinterest.py:63: DeprecationWarning: datetime.datetime.utcnow() is deprecated and scheduled for removal in a future version. Use timezone-aware objects to represent datetimes in UTC: datetime.datetime.now(datetime.UTC).
  e = {"ts": dt.datetime.utcnow().strftime("%Y-%m-%dT%H:%M:%SZ"),
/home/ianmcwherter/golden-home-project/automation/post_pinterest.py:255: DeprecationWarning: datetime.datetime.utcnow() is deprecated and scheduled for removal in a future version. Use timezone-aware objects to represent datetimes in UTC: datetime.datetime.now(datetime.UTC).
  pin["posted_at"] = dt.datetime.utcnow().strftime("%Y-%m-%dT%H:%M:%SZ")
[pinterest] pin-2026-05-30-B08PP48979: published
[pinterest] pin-2026-05-30-B09CSS6YL4: published
[pinterest] 2 pin(s) published; 5 pending.
ERROR: Pillow not installed. pip install Pillow
/home/ianmcwherter/golden-home-project/automation/post_pinterest.py:75: DeprecationWarning: datetime.datetime.utcnow() is deprecated and scheduled for removal in a future version. Use timezone-aware objects to represent datetimes in UTC: datetime.datetime.now(datetime.UTC).
  today = dt.datetime.utcnow().strftime("%Y-%m-%d")
/home/ianmcwherter/golden-home-project/automation/post_pinterest.py:63: DeprecationWarning: datetime.datetime.utcnow() is deprecated and scheduled for removal in a future version. Use timezone-aware objects to represent datetimes in UTC: datetime.datetime.now(datetime.UTC).
  e = {"ts": dt.datetime.utcnow().strftime("%Y-%m-%dT%H:%M:%SZ"),
/home/ianmcwherter/golden-home-project/automation/post_pinterest.py:255: DeprecationWarning: datetime.datetime.utcnow() is deprecated and scheduled for removal in a future version. Use timezone-aware objects to represent datetimes in UTC: datetime.datetime.now(datetime.UTC).
  pin["posted_at"] = dt.datetime.utcnow().strftime("%Y-%m-%dT%H:%M:%SZ")
[pinterest] pin-2026-05-30-B08PP48979: published
[pinterest] 1 pin(s) published; 6 pending.
/home/ianmcwherter/golden-home-project/automation/post_pinterest.py:75: DeprecationWarning: datetime.datetime.utcnow() is deprecated and scheduled for removal in a future version. Use timezone-aware objects to represent datetimes in UTC: datetime.datetime.now(datetime.UTC).
  today = dt.datetime.utcnow().strftime("%Y-%m-%d")
/home/ianmcwherter/golden-home-project/automation/post_pinterest.py:63: DeprecationWarning: datetime.datetime.utcnow() is deprecated and scheduled for removal in a future version. Use timezone-aware objects to represent datetimes in UTC: datetime.datetime.now(datetime.UTC).
  e = {"ts": dt.datetime.utcnow().strftime("%Y-%m-%dT%H:%M:%SZ"),
/home/ianmcwherter/golden-home-project/automation/post_pinterest.py:255: DeprecationWarning: datetime.datetime.utcnow() is deprecated and scheduled for removal in a future version. Use timezone-aware objects to represent datetimes in UTC: datetime.datetime.now(datetime.UTC).
  pin["posted_at"] = dt.datetime.utcnow().strftime("%Y-%m-%dT%H:%M:%SZ")
/home/ianmcwherter/golden-home-project/automation/post_pinterest.py:63: DeprecationWarning: datetime.datetime.utcnow() is deprecated and scheduled for removal in a future version. Use timezone-aware objects to represent datetimes in UTC: datetime.datetime.now(datetime.UTC).
  e = {"ts": dt.datetime.utcnow().strftime("%Y-%m-%dT%H:%M:%SZ"),
/home/ianmcwherter/golden-home-project/automation/post_pinterest.py:255: DeprecationWarning: datetime.datetime.utcnow() is deprecated and scheduled for removal in a future version. Use timezone-aware objects to represent datetimes in UTC: datetime.datetime.now(datetime.UTC).
  pin["posted_at"] = dt.datetime.utcnow().strftime("%Y-%m-%dT%H:%M:%SZ")
[pinterest] pin-2026-05-30-B08PP48979: published
[pinterest] pin-2026-05-30-B09CSS6YL4: published
[pinterest] 2 pin(s) published; 5 pending.
ERROR: Pillow not installed. pip install Pillow
/home/ianmcwherter/golden-home-project/automation/post_pinterest.py:75: DeprecationWarning: datetime.datetime.utcnow() is deprecated and scheduled for removal in a future version. Use timezone-aware objects to represent datetimes in UTC: datetime.datetime.now(datetime.UTC).
  today = dt.datetime.utcnow().strftime("%Y-%m-%d")
/home/ianmcwherter/golden-home-project/automation/post_pinterest.py:63: DeprecationWarning: datetime.datetime.utcnow() is deprecated and scheduled for removal in a future version. Use timezone-aware objects to represent datetimes in UTC: datetime.datetime.now(datetime.UTC).
  e = {"ts": dt.datetime.utcnow().strftime("%Y-%m-%dT%H:%M:%SZ"),
/home/ianmcwherter/golden-home-project/automation/post_pinterest.py:255: DeprecationWarning: datetime.datetime.utcnow() is deprecated and scheduled for removal in a future version. Use timezone-aware objects to represent datetimes in UTC: datetime.datetime.now(datetime.UTC).
  pin["posted_at"] = dt.datetime.utcnow().strftime("%Y-%m-%dT%H:%M:%SZ")
[pinterest] pin-2026-05-30-B08PP48979: published
[pinterest] 1 pin(s) published; 6 pending.
/home/ianmcwherter/golden-home-project/automation/post_pinterest.py:75: DeprecationWarning: datetime.datetime.utcnow() is deprecated and scheduled for removal in a future version. Use timezone-aware objects to represent datetimes in UTC: datetime.datetime.now(datetime.UTC).
  today = dt.datetime.utcnow().strftime("%Y-%m-%d")
/home/ianmcwherter/golden-home-project/automation/post_pinterest.py:63: DeprecationWarning: datetime.datetime.utcnow() is deprecated and scheduled for removal in a future version. Use timezone-aware objects to represent datetimes in UTC: datetime.datetime.now(datetime.UTC).
  e = {"ts": dt.datetime.utcnow().strftime("%Y-%m-%dT%H:%M:%SZ"),
/home/ianmcwherter/golden-home-project/automation/post_pinterest.py:255: DeprecationWarning: datetime.datetime.utcnow() is deprecated and scheduled for removal in a future version. Use timezone-aware objects to represent datetimes in UTC: datetime.datetime.now(datetime.UTC).
  pin["posted_at"] = dt.datetime.utcnow().strftime("%Y-%m-%dT%H:%M:%SZ")
/home/ianmcwherter/golden-home-project/automation/post_pinterest.py:63: DeprecationWarning: datetime.datetime.utcnow() is deprecated and scheduled for removal in a future version. Use timezone-aware objects to represent datetimes in UTC: datetime.datetime.now(datetime.UTC).
  e = {"ts": dt.datetime.utcnow().strftime("%Y-%m-%dT%H:%M:%SZ"),
/home/ianmcwherter/golden-home-project/automation/post_pinterest.py:255: DeprecationWarning: datetime.datetime.utcnow() is deprecated and scheduled for removal in a future version. Use timezone-aware objects to represent datetimes in UTC: datetime.datetime.now(datetime.UTC).
  pin["posted_at"] = dt.datetime.utcnow().strftime("%Y-%m-%dT%H:%M:%SZ")
[pinterest] pin-2026-05-30-B08PP48979: published
[pinterest] pin-2026-05-30-B09CSS6YL4: published
[pinterest] 2 pin(s) published; 5 pending.
ERROR: Pillow not installed. pip install Pillow
/home/ianmcwherter/golden-home-project/automation/post_pinterest.py:75: DeprecationWarning: datetime.datetime.utcnow() is deprecated and scheduled for removal in a future version. Use timezone-aware objects to represent datetimes in UTC: datetime.datetime.now(datetime.UTC).
  today = dt.datetime.utcnow().strftime("%Y-%m-%d")
/home/ianmcwherter/golden-home-project/automation/post_pinterest.py:63: DeprecationWarning: datetime.datetime.utcnow() is deprecated and scheduled for removal in a future version. Use timezone-aware objects to represent datetimes in UTC: datetime.datetime.now(datetime.UTC).
  e = {"ts": dt.datetime.utcnow().strftime("%Y-%m-%dT%H:%M:%SZ"),
/home/ianmcwherter/golden-home-project/automation/post_pinterest.py:255: DeprecationWarning: datetime.datetime.utcnow() is deprecated and scheduled for removal in a future version. Use timezone-aware objects to represent datetimes in UTC: datetime.datetime.now(datetime.UTC).
  pin["posted_at"] = dt.datetime.utcnow().strftime("%Y-%m-%dT%H:%M:%SZ")
[pinterest] pin-2026-05-30-B08PP48979: published
[pinterest] 1 pin(s) published; 6 pending.
/home/ianmcwherter/golden-home-project/automation/post_pinterest.py:75: DeprecationWarning: datetime.datetime.utcnow() is deprecated and scheduled for removal in a future version. Use timezone-aware objects to represent datetimes in UTC: datetime.datetime.now(datetime.UTC).
  today = dt.datetime.utcnow().strftime("%Y-%m-%d")
/home/ianmcwherter/golden-home-project/automation/post_pinterest.py:63: DeprecationWarning: datetime.datetime.utcnow() is deprecated and scheduled for removal in a future version. Use timezone-aware objects to represent datetimes in UTC: datetime.datetime.now(datetime.UTC).
  e = {"ts": dt.datetime.utcnow().strftime("%Y-%m-%dT%H:%M:%SZ"),
/home/ianmcwherter/golden-home-project/automation/post_pinterest.py:255: DeprecationWarning: datetime.datetime.utcnow() is deprecated and scheduled for removal in a future version. Use timezone-aware objects to represent datetimes in UTC: datetime.datetime.now(datetime.UTC).
  pin["posted_at"] = dt.datetime.utcnow().strftime("%Y-%m-%dT%H:%M:%SZ")
/home/ianmcwherter/golden-home-project/automation/post_pinterest.py:63: DeprecationWarning: datetime.datetime.utcnow() is deprecated and scheduled for removal in a future version. Use timezone-aware objects to represent datetimes in UTC: datetime.datetime.now(datetime.UTC).
  e = {"ts": dt.datetime.utcnow().strftime("%Y-%m-%dT%H:%M:%SZ"),
/home/ianmcwherter/golden-home-project/automation/post_pinterest.py:255: DeprecationWarning: datetime.datetime.utcnow() is deprecated and scheduled for removal in a future version. Use timezone-aware objects to represent datetimes in UTC: datetime.datetime.now(datetime.UTC).
  pin["posted_at"] = dt.datetime.utcnow().strftime("%Y-%m-%dT%H:%M:%SZ")
[pinterest] pin-2026-05-30-B08PP48979: published
[pinterest] pin-2026-05-30-B09CSS6YL4: published
[pinterest] 2 pin(s) published; 5 pending.
ERROR: Pillow not installed. pip install Pillow
/home/ianmcwherter/golden-home-project/automation/post_pinterest.py:75: DeprecationWarning: datetime.datetime.utcnow() is deprecated and scheduled for removal in a future version. Use timezone-aware objects to represent datetimes in UTC: datetime.datetime.now(datetime.UTC).
  today = dt.datetime.utcnow().strftime("%Y-%m-%d")
/home/ianmcwherter/golden-home-project/automation/post_pinterest.py:63: DeprecationWarning: datetime.datetime.utcnow() is deprecated and scheduled for removal in a future version. Use timezone-aware objects to represent datetimes in UTC: datetime.datetime.now(datetime.UTC).
  e = {"ts": dt.datetime.utcnow().strftime("%Y-%m-%dT%H:%M:%SZ"),
/home/ianmcwherter/golden-home-project/automation/post_pinterest.py:255: DeprecationWarning: datetime.datetime.utcnow() is deprecated and scheduled for removal in a future version. Use timezone-aware objects to represent datetimes in UTC: datetime.datetime.now(datetime.UTC).
  pin["posted_at"] = dt.datetime.utcnow().strftime("%Y-%m-%dT%H:%M:%SZ")
[pinterest] pin-2026-05-30-B08PP48979: published
[pinterest] 1 pin(s) published; 6 pending.
/home/ianmcwherter/golden-home-project/automation/post_pinterest.py:75: DeprecationWarning: datetime.datetime.utcnow() is deprecated and scheduled for removal in a future version. Use timezone-aware objects to represent datetimes in UTC: datetime.datetime.now(datetime.UTC).
  today = dt.datetime.utcnow().strftime("%Y-%m-%d")
/home/ianmcwherter/golden-home-project/automation/post_pinterest.py:63: DeprecationWarning: datetime.datetime.utcnow() is deprecated and scheduled for removal in a future version. Use timezone-aware objects to represent datetimes in UTC: datetime.datetime.now(datetime.UTC).
  e = {"ts": dt.datetime.utcnow().strftime("%Y-%m-%dT%H:%M:%SZ"),
/home/ianmcwherter/golden-home-project/automation/post_pinterest.py:255: DeprecationWarning: datetime.datetime.utcnow() is deprecated and scheduled for removal in a future version. Use timezone-aware objects to represent datetimes in UTC: datetime.datetime.now(datetime.UTC).
  pin["posted_at"] = dt.datetime.utcnow().strftime("%Y-%m-%dT%H:%M:%SZ")
/home/ianmcwherter/golden-home-project/automation/post_pinterest.py:63: DeprecationWarning: datetime.datetime.utcnow() is deprecated and scheduled for removal in a future version. Use timezone-aware objects to represent datetimes in UTC: datetime.datetime.now(datetime.UTC).
  e = {"ts": dt.datetime.utcnow().strftime("%Y-%m-%dT%H:%M:%SZ"),
/home/ianmcwherter/golden-home-project/automation/post_pinterest.py:255: DeprecationWarning: datetime.datetime.utcnow() is deprecated and scheduled for removal in a future version. Use timezone-aware objects to represent datetimes in UTC: datetime.datetime.now(datetime.UTC).
  pin["posted_at"] = dt.datetime.utcnow().strftime("%Y-%m-%dT%H:%M:%SZ")
[pinterest] pin-2026-05-30-B08PP48979: published
[pinterest] pin-2026-05-30-B09CSS6YL4: published
[pinterest] 2 pin(s) published; 5 pending.
ERROR: Pillow not installed. pip install Pillow
/home/ianmcwherter/golden-home-project/automation/post_pinterest.py:75: DeprecationWarning: datetime.datetime.utcnow() is deprecated and scheduled for removal in a future version. Use timezone-aware objects to represent datetimes in UTC: datetime.datetime.now(datetime.UTC).
  today = dt.datetime.utcnow().strftime("%Y-%m-%d")
/home/ianmcwherter/golden-home-project/automation/post_pinterest.py:63: DeprecationWarning: datetime.datetime.utcnow() is deprecated and scheduled for removal in a future version. Use timezone-aware objects to represent datetimes in UTC: datetime.datetime.now(datetime.UTC).
  e = {"ts": dt.datetime.utcnow().strftime("%Y-%m-%dT%H:%M:%SZ"),
/home/ianmcwherter/golden-home-project/automation/post_pinterest.py:255: DeprecationWarning: datetime.datetime.utcnow() is deprecated and scheduled for removal in a future version. Use timezone-aware objects to represent datetimes in UTC: datetime.datetime.now(datetime.UTC).
  pin["posted_at"] = dt.datetime.utcnow().strftime("%Y-%m-%dT%H:%M:%SZ")
[pinterest] pin-2026-05-30-B08PP48979: published
[pinterest] 1 pin(s) published; 6 pending.
/home/ianmcwherter/golden-home-project/automation/post_pinterest.py:75: DeprecationWarning: datetime.datetime.utcnow() is deprecated and scheduled for removal in a future version. Use timezone-aware objects to represent datetimes in UTC: datetime.datetime.now(datetime.UTC).
  today = dt.datetime.utcnow().strftime("%Y-%m-%d")
/home/ianmcwherter/golden-home-project/automation/post_pinterest.py:63: DeprecationWarning: datetime.datetime.utcnow() is deprecated and scheduled for removal in a future version. Use timezone-aware objects to represent datetimes in UTC: datetime.datetime.now(datetime.UTC).
  e = {"ts": dt.datetime.utcnow().strftime("%Y-%m-%dT%H:%M:%SZ"),
/home/ianmcwherter/golden-home-project/automation/post_pinterest.py:255: DeprecationWarning: datetime.datetime.utcnow() is deprecated and scheduled for removal in a future version. Use timezone-aware objects to represent datetimes in UTC: datetime.datetime.now(datetime.UTC).
  pin["posted_at"] = dt.datetime.utcnow().strftime("%Y-%m-%dT%H:%M:%SZ")
/home/ianmcwherter/golden-home-project/automation/post_pinterest.py:63: DeprecationWarning: datetime.datetime.utcnow() is deprecated and scheduled for removal in a future version. Use timezone-aware objects to represent datetimes in UTC: datetime.datetime.now(datetime.UTC).
  e = {"ts": dt.datetime.utcnow().strftime("%Y-%m-%dT%H:%M:%SZ"),
/home/ianmcwherter/golden-home-project/automation/post_pinterest.py:255: DeprecationWarning: datetime.datetime.utcnow() is deprecated and scheduled for removal in a future version. Use timezone-aware objects to represent datetimes in UTC: datetime.datetime.now(datetime.UTC).
  pin["posted_at"] = dt.datetime.utcnow().strftime("%Y-%m-%dT%H:%M:%SZ")
[pinterest] pin-2026-05-30-B08PP48979: published
[pinterest] pin-2026-05-30-B09CSS6YL4: published
[pinterest] 2 pin(s) published; 5 pending.
ERROR: Pillow not installed. pip install Pillow
/home/ianmcwherter/golden-home-project/automation/post_pinterest.py:75: DeprecationWarning: datetime.datetime.utcnow() is deprecated and scheduled for removal in a future version. Use timezone-aware objects to represent datetimes in UTC: datetime.datetime.now(datetime.UTC).
  today = dt.datetime.utcnow().strftime("%Y-%m-%d")
/home/ianmcwherter/golden-home-project/automation/post_pinterest.py:63: DeprecationWarning: datetime.datetime.utcnow() is deprecated and scheduled for removal in a future version. Use timezone-aware objects to represent datetimes in UTC: datetime.datetime.now(datetime.UTC).
  e = {"ts": dt.datetime.utcnow().strftime("%Y-%m-%dT%H:%M:%SZ"),
/home/ianmcwherter/golden-home-project/automation/post_pinterest.py:255: DeprecationWarning: datetime.datetime.utcnow() is deprecated and scheduled for removal in a future version. Use timezone-aware objects to represent datetimes in UTC: datetime.datetime.now(datetime.UTC).
  pin["posted_at"] = dt.datetime.utcnow().strftime("%Y-%m-%dT%H:%M:%SZ")
[pinterest] pin-2026-05-30-B08PP48979: published
[pinterest] 1 pin(s) published; 6 pending.
/home/ianmcwherter/golden-home-project/automation/post_pinterest.py:75: DeprecationWarning: datetime.datetime.utcnow() is deprecated and scheduled for removal in a future version. Use timezone-aware objects to represent datetimes in UTC: datetime.datetime.now(datetime.UTC).
  today = dt.datetime.utcnow().strftime("%Y-%m-%d")
/home/ianmcwherter/golden-home-project/automation/post_pinterest.py:63: DeprecationWarning: datetime.datetime.utcnow() is deprecated and scheduled for removal in a future version. Use timezone-aware objects to represent datetimes in UTC: datetime.datetime.now(datetime.UTC).
  e = {"ts": dt.datetime.utcnow().strftime("%Y-%m-%dT%H:%M:%SZ"),
/home/ianmcwherter/golden-home-project/automation/post_pinterest.py:255: DeprecationWarning: datetime.datetime.utcnow() is deprecated and scheduled for removal in a future version. Use timezone-aware objects to represent datetimes in UTC: datetime.datetime.now(datetime.UTC).
  pin["posted_at"] = dt.datetime.utcnow().strftime("%Y-%m-%dT%H:%M:%SZ")
/home/ianmcwherter/golden-home-project/automation/post_pinterest.py:63: DeprecationWarning: datetime.datetime.utcnow() is deprecated and scheduled for removal in a future version. Use timezone-aware objects to represent datetimes in UTC: datetime.datetime.now(datetime.UTC).
  e = {"ts": dt.datetime.utcnow().strftime("%Y-%m-%dT%H:%M:%SZ"),
/home/ianmcwherter/golden-home-project/automation/post_pinterest.py:255: DeprecationWarning: datetime.datetime.utcnow() is deprecated and scheduled for removal in a future version. Use timezone-aware objects to represent datetimes in UTC: datetime.datetime.now(datetime.UTC).
  pin["posted_at"] = dt.datetime.utcnow().strftime("%Y-%m-%dT%H:%M:%SZ")
[pinterest] pin-2026-05-30-B08PP48979: published
[pinterest] pin-2026-05-30-B09CSS6YL4: published
[pinterest] 2 pin(s) published; 5 pending.
[pinterest] generated 0 new pin(s); queue now 21 total -> social/pinterest_queue.json
/home/ianmcwherter/golden-home-project/automation/post_pinterest.py:75: DeprecationWarning: datetime.datetime.utcnow() is deprecated and scheduled for removal in a future version. Use timezone-aware objects to represent datetimes in UTC: datetime.datetime.now(datetime.UTC).
  today = dt.datetime.utcnow().strftime("%Y-%m-%d")
/home/ianmcwherter/golden-home-project/automation/post_pinterest.py:63: DeprecationWarning: datetime.datetime.utcnow() is deprecated and scheduled for removal in a future version. Use timezone-aware objects to represent datetimes in UTC: datetime.datetime.now(datetime.UTC).
  e = {"ts": dt.datetime.utcnow().strftime("%Y-%m-%dT%H:%M:%SZ"),
/home/ianmcwherter/golden-home-project/automation/post_pinterest.py:255: DeprecationWarning: datetime.datetime.utcnow() is deprecated and scheduled for removal in a future version. Use timezone-aware objects to represent datetimes in UTC: datetime.datetime.now(datetime.UTC).
  pin["posted_at"] = dt.datetime.utcnow().strftime("%Y-%m-%dT%H:%M:%SZ")
[pinterest] pin-2026-05-30-B07ZL2BFMP: published
[pinterest] 1 pin(s) published; 8 pending.
/home/ianmcwherter/golden-home-project/automation/post_pinterest.py:75: DeprecationWarning: datetime.datetime.utcnow() is deprecated and scheduled for removal in a future version. Use timezone-aware objects to represent datetimes in UTC: datetime.datetime.now(datetime.UTC).
  today = dt.datetime.utcnow().strftime("%Y-%m-%d")
/home/ianmcwherter/golden-home-project/automation/post_pinterest.py:63: DeprecationWarning: datetime.datetime.utcnow() is deprecated and scheduled for removal in a future version. Use timezone-aware objects to represent datetimes in UTC: datetime.datetime.now(datetime.UTC).
  e = {"ts": dt.datetime.utcnow().strftime("%Y-%m-%dT%H:%M:%SZ"),
/home/ianmcwherter/golden-home-project/automation/post_pinterest.py:255: DeprecationWarning: datetime.datetime.utcnow() is deprecated and scheduled for removal in a future version. Use timezone-aware objects to represent datetimes in UTC: datetime.datetime.now(datetime.UTC).
  pin["posted_at"] = dt.datetime.utcnow().strftime("%Y-%m-%dT%H:%M:%SZ")
/home/ianmcwherter/golden-home-project/automation/post_pinterest.py:63: DeprecationWarning: datetime.datetime.utcnow() is deprecated and scheduled for removal in a future version. Use timezone-aware objects to represent datetimes in UTC: datetime.datetime.now(datetime.UTC).
  e = {"ts": dt.datetime.utcnow().strftime("%Y-%m-%dT%H:%M:%SZ"),
/home/ianmcwherter/golden-home-project/automation/post_pinterest.py:255: DeprecationWarning: datetime.datetime.utcnow() is deprecated and scheduled for removal in a future version. Use timezone-aware objects to represent datetimes in UTC: datetime.datetime.now(datetime.UTC).
  pin["posted_at"] = dt.datetime.utcnow().strftime("%Y-%m-%dT%H:%M:%SZ")
[pinterest] pin-2026-05-30-B07ZL2BFMP: published
[pinterest] pin-2026-05-30-B099S9DXT7: published
[pinterest] 2 pin(s) published; 7 pending.
[agent-log] Git step failed (entry still appended locally): To https://github.com/ianmcwherter/golden-home-project.git
 ! [rejected]        main -> main (fetch first)
error: failed to push some refs to 'https://github.com/ianmcwherter/golden-home-project.git'
hint: Updates were rejected because the remote contains work that you do not
hint: have locally. Thi
  [pexels] key sha256[:8]=c788d83a
  [pexels] hit 'sage green throw pillows' -> bg-2026-06-09-B0CVVVNB9L.jpg
  [pin] B0CVVVNB9L board='Home Organization Finds' link=amazon -> social/pinterest/pin-2026-06-09-B0CVVVNB9L.png
  [pexels] key sha256[:8]=c788d83a
  [pexels] hit 'under sink cabinet' -> bg-2026-06-09-B0D176VGXZ.jpg
  [pin] B0D176VGXZ board='Under-Sink Organization' link=blog -> social/pinterest/pin-2026-06-09-B0D176VGXZ.png
  [pexels] key sha256[:8]=c788d83a
  [pexels] hit 'organized kitchen cabinet' -> bg-2026-06-09-B0BXSMJK86.jpg
  [pin] B0BXSMJK86 board='Kitchen Organization Ideas' link=blog -> social/pinterest/pin-2026-06-09-B0BXSMJK86.png
  [pexels] key sha256[:8]=c788d83a
  [pexels] hit 'rattan patio sectional' -> bg-2026-06-09-B085XVFQ62.jpg
  [pin] B085XVFQ62 board='Outdoor & Patio' link=amazon -> social/pinterest/pin-2026-06-09-B085XVFQ62.png
[pinterest] generated 4 new pin(s); queue now 18 total -> social/pinterest_queue.json
/home/ianmcwherter/golden-home-project/automation/post_pinterest.py:75: DeprecationWarning: datetime.datetime.utcnow() is deprecated and scheduled for removal in a future version. Use timezone-aware objects to represent datetimes in UTC: datetime.datetime.now(datetime.UTC).
  today = dt.datetime.utcnow().strftime("%Y-%m-%d")
/home/ianmcwherter/golden-home-project/automation/post_pinterest.py:63: DeprecationWarning: datetime.datetime.utcnow() is deprecated and scheduled for removal in a future version. Use timezone-aware objects to represent datetimes in UTC: datetime.datetime.now(datetime.UTC).
  e = {"ts": dt.datetime.utcnow().strftime("%Y-%m-%dT%H:%M:%SZ"),
/home/ianmcwherter/golden-home-project/automation/post_pinterest.py:255: DeprecationWarning: datetime.datetime.utcnow() is deprecated and scheduled for removal in a future version. Use timezone-aware objects to represent datetimes in UTC: datetime.datetime.now(datetime.UTC).
  pin["posted_at"] = dt.datetime.utcnow().strftime("%Y-%m-%dT%H:%M:%SZ")
[pinterest] pin-2026-05-30-B07ZL2BFMP: published
[pinterest] 1 pin(s) published; 8 pending.
/home/ianmcwherter/golden-home-project/automation/post_pinterest.py:75: DeprecationWarning: datetime.datetime.utcnow() is deprecated and scheduled for removal in a future version. Use timezone-aware objects to represent datetimes in UTC: datetime.datetime.now(datetime.UTC).
  today = dt.datetime.utcnow().strftime("%Y-%m-%d")
/home/ianmcwherter/golden-home-project/automation/post_pinterest.py:63: DeprecationWarning: datetime.datetime.utcnow() is deprecated and scheduled for removal in a future version. Use timezone-aware objects to represent datetimes in UTC: datetime.datetime.now(datetime.UTC).
  e = {"ts": dt.datetime.utcnow().strftime("%Y-%m-%dT%H:%M:%SZ"),
/home/ianmcwherter/golden-home-project/automation/post_pinterest.py:255: DeprecationWarning: datetime.datetime.utcnow() is deprecated and scheduled for removal in a future version. Use timezone-aware objects to represent datetimes in UTC: datetime.datetime.now(datetime.UTC).
  pin["posted_at"] = dt.datetime.utcnow().strftime("%Y-%m-%dT%H:%M:%SZ")
/home/ianmcwherter/golden-home-project/automation/post_pinterest.py:63: DeprecationWarning: datetime.datetime.utcnow() is deprecated and scheduled for removal in a future version. Use timezone-aware objects to represent datetimes in UTC: datetime.datetime.now(datetime.UTC).
  e = {"ts": dt.datetime.utcnow().strftime("%Y-%m-%dT%H:%M:%SZ"),
/home/ianmcwherter/golden-home-project/automation/post_pinterest.py:255: DeprecationWarning: datetime.datetime.utcnow() is deprecated and scheduled for removal in a future version. Use timezone-aware objects to represent datetimes in UTC: datetime.datetime.now(datetime.UTC).
  pin["posted_at"] = dt.datetime.utcnow().strftime("%Y-%m-%dT%H:%M:%SZ")
[pinterest] pin-2026-05-30-B07ZL2BFMP: published
[pinterest] pin-2026-05-30-B099S9DXT7: published
[pinterest] 2 pin(s) published; 7 pending.
[agent-log] Git step failed (entry still appended locally): To https://github.com/ianmcwherter/golden-home-project.git
 ! [rejected]        main -> main (fetch first)
error: failed to push some refs to 'https://github.com/ianmcwherter/golden-home-project.git'
hint: Updates were rejected because the remote contains work that you do not
hint: have locally. Thi
  [pexels] key sha256[:8]=c788d83a
  [pexels] hit 'sage green throw pillows' -> bg-2026-06-10-B0CVVVNB9L.jpg
  [pin] B0CVVVNB9L board='Home Organization Finds' link=amazon -> social/pinterest/pin-2026-06-10-B0CVVVNB9L.png
  [pexels] key sha256[:8]=c788d83a
  [pexels] hit 'organized kitchen drawer' -> bg-2026-06-10-B0BXSMJK86.jpg
  [pin] B0BXSMJK86 board='Kitchen Organization Ideas' link=blog -> social/pinterest/pin-2026-06-10-B0BXSMJK86.png
  [pexels] key sha256[:8]=c788d83a
  [pexels] hit 'under sink cabinet organization' -> bg-2026-06-10-B0D176VGXZ.jpg
  [pin] B0D176VGXZ board='Under-Sink Organization' link=blog -> social/pinterest/pin-2026-06-10-B0D176VGXZ.png
  [pexels] key sha256[:8]=c788d83a
  [pexels] hit 'patio rattan sofa' -> bg-2026-06-10-B085XVFQ62.jpg
  [pin] B085XVFQ62 board='Outdoor & Patio' link=amazon -> social/pinterest/pin-2026-06-10-B085XVFQ62.png
[pinterest] generated 4 new pin(s); queue now 18 total -> social/pinterest_queue.json
/home/ianmcwherter/golden-home-project/automation/post_pinterest.py:75: DeprecationWarning: datetime.datetime.utcnow() is deprecated and scheduled for removal in a future version. Use timezone-aware objects to represent datetimes in UTC: datetime.datetime.now(datetime.UTC).
  today = dt.datetime.utcnow().strftime("%Y-%m-%d")
/home/ianmcwherter/golden-home-project/automation/post_pinterest.py:63: DeprecationWarning: datetime.datetime.utcnow() is deprecated and scheduled for removal in a future version. Use timezone-aware objects to represent datetimes in UTC: datetime.datetime.now(datetime.UTC).
  e = {"ts": dt.datetime.utcnow().strftime("%Y-%m-%dT%H:%M:%SZ"),
/home/ianmcwherter/golden-home-project/automation/post_pinterest.py:255: DeprecationWarning: datetime.datetime.utcnow() is deprecated and scheduled for removal in a future version. Use timezone-aware objects to represent datetimes in UTC: datetime.datetime.now(datetime.UTC).
  pin["posted_at"] = dt.datetime.utcnow().strftime("%Y-%m-%dT%H:%M:%SZ")
[pinterest] pin-2026-05-30-B07ZL2BFMP: published
[pinterest] 1 pin(s) published; 8 pending.
/home/ianmcwherter/golden-home-project/automation/post_pinterest.py:75: DeprecationWarning: datetime.datetime.utcnow() is deprecated and scheduled for removal in a future version. Use timezone-aware objects to represent datetimes in UTC: datetime.datetime.now(datetime.UTC).
  today = dt.datetime.utcnow().strftime("%Y-%m-%d")
/home/ianmcwherter/golden-home-project/automation/post_pinterest.py:63: DeprecationWarning: datetime.datetime.utcnow() is deprecated and scheduled for removal in a future version. Use timezone-aware objects to represent datetimes in UTC: datetime.datetime.now(datetime.UTC).
  e = {"ts": dt.datetime.utcnow().strftime("%Y-%m-%dT%H:%M:%SZ"),
/home/ianmcwherter/golden-home-project/automation/post_pinterest.py:255: DeprecationWarning: datetime.datetime.utcnow() is deprecated and scheduled for removal in a future version. Use timezone-aware objects to represent datetimes in UTC: datetime.datetime.now(datetime.UTC).
  pin["posted_at"] = dt.datetime.utcnow().strftime("%Y-%m-%dT%H:%M:%SZ")
/home/ianmcwherter/golden-home-project/automation/post_pinterest.py:63: DeprecationWarning: datetime.datetime.utcnow() is deprecated and scheduled for removal in a future version. Use timezone-aware objects to represent datetimes in UTC: datetime.datetime.now(datetime.UTC).
  e = {"ts": dt.datetime.utcnow().strftime("%Y-%m-%dT%H:%M:%SZ"),
/home/ianmcwherter/golden-home-project/automation/post_pinterest.py:255: DeprecationWarning: datetime.datetime.utcnow() is deprecated and scheduled for removal in a future version. Use timezone-aware objects to represent datetimes in UTC: datetime.datetime.now(datetime.UTC).
  pin["posted_at"] = dt.datetime.utcnow().strftime("%Y-%m-%dT%H:%M:%SZ")
[pinterest] pin-2026-05-30-B07ZL2BFMP: published
[pinterest] pin-2026-05-30-B099S9DXT7: published
[pinterest] 2 pin(s) published; 7 pending.
[agent-log] Pushed entry for Pinterest Pipeline
  [pexels] key sha256[:8]=c788d83a
  [pexels] hit 'vacuum sealed food storage' -> bg-2026-06-11-B099NTSWD9.jpg
  [pin] B099NTSWD9 board='Kitchen Organization Ideas' link=amazon -> social/pinterest/pin-2026-06-11-B099NTSWD9.png
  [pexels] key sha256[:8]=c788d83a
  [pexels] hit 'kitchen sink cleaning' -> bg-2026-06-11-B00DU5SRIY.jpg
  [pin] B00DU5SRIY board='Kitchen Organization Ideas' link=amazon -> social/pinterest/pin-2026-06-11-B00DU5SRIY.png
  [pexels] key sha256[:8]=c788d83a
  [pexels] hit 'dog on couch' -> bg-2026-06-11-B00BAGTNAQ.jpg
  [pin] B00BAGTNAQ board='Home Organization Finds' link=amazon -> social/pinterest/pin-2026-06-11-B00BAGTNAQ.png
  [pexels] key sha256[:8]=c788d83a
  [pexels] hit 'sage green throw pillows' -> bg-2026-06-11-B0CVVVNB9L.jpg
  [pin] B0CVVVNB9L board='Home Organization Finds' link=amazon -> social/pinterest/pin-2026-06-11-B0CVVVNB9L.png
[pinterest] generated 4 new pin(s); queue now 15 total -> social/pinterest_queue.json
/home/ianmcwherter/golden-home-project/automation/post_pinterest.py:120: DeprecationWarning: datetime.datetime.utcnow() is deprecated and scheduled for removal in a future version. Use timezone-aware objects to represent datetimes in UTC: datetime.datetime.now(datetime.UTC).
  today = dt.datetime.utcnow().strftime("%Y-%m-%d")
[pinterest] pin-2026-06-08-B07Y39ZXV7: board_select_failed:Closet Organization Ideas
[pinterest] 0 pin(s) published; 8 pending.
/home/ianmcwherter/golden-home-project/automation/post_pinterest.py:120: DeprecationWarning: datetime.datetime.utcnow() is deprecated and scheduled for removal in a future version. Use timezone-aware objects to represent datetimes in UTC: datetime.datetime.now(datetime.UTC).
  today = dt.datetime.utcnow().strftime("%Y-%m-%d")
[pinterest] pin-2026-06-08-B07Y39ZXV7: board_select_failed:Closet Organization Ideas
[pinterest] pin-2026-06-08-B08CYBPMJC: board_select_failed:Bathroom Storage Ideas
[pinterest] 0 pin(s) published; 8 pending.
[agent-log] Pushed entry for Pinterest Pipeline
  [pexels] key sha256[:8]=c788d83a
  [pexels] hit 'organized kitchen drawer' -> bg-2026-06-12-B0BXSMJK86.jpg
  [pin] B0BXSMJK86 board='Kitchen Organization Ideas' link=blog -> social/pinterest/pin-2026-06-12-B0BXSMJK86.png
  [pexels] key sha256[:8]=c788d83a
  [pexels] hit 'rattan patio sectional' -> bg-2026-06-12-B085XVFQ62.jpg
  [pin] B085XVFQ62 board='Outdoor & Patio' link=amazon -> social/pinterest/pin-2026-06-12-B085XVFQ62.png
  [pexels] key sha256[:8]=c788d83a
  [pexels] hit 'under sink cabinet' -> bg-2026-06-12-B0D176VGXZ.jpg
  [pin] B0D176VGXZ board='Under-Sink Organization' link=blog -> social/pinterest/pin-2026-06-12-B0D176VGXZ.png
  [pexels] key sha256[:8]=c788d83a
  [pexels] hit 'kids closet organizer' -> bg-2026-06-12-B0F8Q1Y3Z4.jpg
  [pin] B0F8Q1Y3Z4 board='Closet Organization Ideas' link=amazon -> social/pinterest/pin-2026-06-12-B0F8Q1Y3Z4.png
[pinterest] generated 4 new pin(s); queue now 19 total -> social/pinterest_queue.json
/home/ianmcwherter/golden-home-project/automation/post_pinterest.py:120: DeprecationWarning: datetime.datetime.utcnow() is deprecated and scheduled for removal in a future version. Use timezone-aware objects to represent datetimes in UTC: datetime.datetime.now(datetime.UTC).
  today = dt.datetime.utcnow().strftime("%Y-%m-%d")
[pinterest] pin-2026-06-08-B07Y39ZXV7: board_select_failed:Closet Organization Ideas
[pinterest] 0 pin(s) published; 12 pending.
/home/ianmcwherter/golden-home-project/automation/post_pinterest.py:120: DeprecationWarning: datetime.datetime.utcnow() is deprecated and scheduled for removal in a future version. Use timezone-aware objects to represent datetimes in UTC: datetime.datetime.now(datetime.UTC).
  today = dt.datetime.utcnow().strftime("%Y-%m-%d")
[pinterest] pin-2026-06-08-B07Y39ZXV7: board_select_failed:Closet Organization Ideas
[pinterest] pin-2026-06-08-B08CYBPMJC: board_select_failed:Bathroom Storage Ideas
[pinterest] 0 pin(s) published; 12 pending.
[agent-log] Pushed entry for Pinterest Pipeline
  [pexels] key sha256[:8]=c788d83a
  [pexels] hit 'ladder bookshelf studio' -> bg-2026-06-13-B07WFXL22R.jpg
  [pin] B07WFXL22R board='Home Storage Solutions' link=amazon -> social/pinterest/pin-2026-06-13-B07WFXL22R.png
  [pexels] key sha256[:8]=c788d83a
  [pexels] hit 'backyard patio evening' -> bg-2026-06-13-B0CXDJG5QM.jpg
  [pin] B0CXDJG5QM board='Outdoor & Patio' link=amazon -> social/pinterest/pin-2026-06-13-B0CXDJG5QM.png
  [pexels] key sha256[:8]=c788d83a
  [pexels] hit 'white waffle blanket bed' -> bg-2026-06-13-B088WYYH85.jpg
  [pin] B088WYYH85 board='Home Organization Finds' link=blog -> social/pinterest/pin-2026-06-13-B088WYYH85.png
  [pexels] key sha256[:8]=c788d83a
  [pexels] hit 'wood grain wallpaper' -> bg-2026-06-13-B09W2F2L4C.jpg
  [pin] B09W2F2L4C board='Home Organization Finds' link=blog -> social/pinterest/pin-2026-06-13-B09W2F2L4C.png
[pinterest] generated 4 new pin(s); queue now 23 total -> social/pinterest_queue.json
/home/ianmcwherter/golden-home-project/automation/post_pinterest.py:120: DeprecationWarning: datetime.datetime.utcnow() is deprecated and scheduled for removal in a future version. Use timezone-aware objects to represent datetimes in UTC: datetime.datetime.now(datetime.UTC).
  today = dt.datetime.utcnow().strftime("%Y-%m-%d")
[pinterest] pin-2026-06-08-B07Y39ZXV7: board_select_failed:Closet Organization Ideas
[pinterest] 0 pin(s) published; 16 pending.
/home/ianmcwherter/golden-home-project/automation/post_pinterest.py:120: DeprecationWarning: datetime.datetime.utcnow() is deprecated and scheduled for removal in a future version. Use timezone-aware objects to represent datetimes in UTC: datetime.datetime.now(datetime.UTC).
  today = dt.datetime.utcnow().strftime("%Y-%m-%d")
[pinterest] pin-2026-06-08-B07Y39ZXV7: board_select_failed:Closet Organization Ideas
[pinterest] pin-2026-06-08-B08CYBPMJC: board_select_failed:Bathroom Storage Ideas
[pinterest] 0 pin(s) published; 16 pending.
  [skip] B09B126SSJ status=None — not ASIN-verified
  [skip] B075NS8YXG status=None — not ASIN-verified
  [skip] B08573DQ39 status=None — not ASIN-verified
  [skip] B0F29FLLJZ status=None — not ASIN-verified
  [skip] B0BFVSKX3M status=None — not ASIN-verified
  [skip] B0DZH3LX6Q status=None — not ASIN-verified
  [skip] B0FVW1TNH8 status=None — not ASIN-verified
  [skip] B073WD5KPX status=None — not ASIN-verified
[pinterest] generated 0 new pin(s); queue now 23 total -> social/pinterest_queue.json
/home/ianmcwherter/golden-home-project/automation/post_pinterest.py:120: DeprecationWarning: datetime.datetime.utcnow() is deprecated and scheduled for removal in a future version. Use timezone-aware objects to represent datetimes in UTC: datetime.datetime.now(datetime.UTC).
  today = dt.datetime.utcnow().strftime("%Y-%m-%d")
[pinterest] pin-2026-06-08-B07Y39ZXV7: board_select_failed:Closet Organization Ideas
[pinterest] 0 pin(s) published; 16 pending.
/home/ianmcwherter/golden-home-project/automation/post_pinterest.py:120: DeprecationWarning: datetime.datetime.utcnow() is deprecated and scheduled for removal in a future version. Use timezone-aware objects to represent datetimes in UTC: datetime.datetime.now(datetime.UTC).
  today = dt.datetime.utcnow().strftime("%Y-%m-%d")
[pinterest] pin-2026-06-08-B07Y39ZXV7: board_select_failed:Closet Organization Ideas
[pinterest] pin-2026-06-08-B08CYBPMJC: board_select_failed:Bathroom Storage Ideas
[pinterest] 0 pin(s) published; 16 pending.
  [skip] B09B126SSJ status=None — not ASIN-verified
  [skip] B075NS8YXG status=None — not ASIN-verified
  [skip] B08573DQ39 status=None — not ASIN-verified
  [skip] B0F29FLLJZ status=None — not ASIN-verified
  [skip] B0BFVSKX3M status=None — not ASIN-verified
  [skip] B0DZH3LX6Q status=None — not ASIN-verified
  [skip] B0FVW1TNH8 status=None — not ASIN-verified
  [skip] B073WD5KPX status=None — not ASIN-verified
[pinterest] generated 0 new pin(s); queue now 23 total -> social/pinterest_queue.json
/home/ianmcwherter/golden-home-project/automation/post_pinterest.py:120: DeprecationWarning: datetime.datetime.utcnow() is deprecated and scheduled for removal in a future version. Use timezone-aware objects to represent datetimes in UTC: datetime.datetime.now(datetime.UTC).
  today = dt.datetime.utcnow().strftime("%Y-%m-%d")
[pinterest] pin-2026-06-08-B07Y39ZXV7: board_select_failed:Closet Organization Ideas
[pinterest] 0 pin(s) published; 16 pending.
/home/ianmcwherter/golden-home-project/automation/post_pinterest.py:120: DeprecationWarning: datetime.datetime.utcnow() is deprecated and scheduled for removal in a future version. Use timezone-aware objects to represent datetimes in UTC: datetime.datetime.now(datetime.UTC).
  today = dt.datetime.utcnow().strftime("%Y-%m-%d")
[pinterest] pin-2026-06-08-B07Y39ZXV7: board_select_failed:Closet Organization Ideas
[pinterest] pin-2026-06-08-B08CYBPMJC: board_select_failed:Bathroom Storage Ideas
[pinterest] 0 pin(s) published; 16 pending.
  [skip] B09B126SSJ status=None — not ASIN-verified
  [skip] B075NS8YXG status=None — not ASIN-verified
  [skip] B08573DQ39 status=None — not ASIN-verified
  [skip] B0F29FLLJZ status=None — not ASIN-verified
  [skip] B0BFVSKX3M status=None — not ASIN-verified
  [skip] B0DZH3LX6Q status=None — not ASIN-verified
  [skip] B0FVW1TNH8 status=None — not ASIN-verified
  [skip] B073WD5KPX status=None — not ASIN-verified
  [skip] B0FFS5RBLC status=None — not ASIN-verified
  [skip] B0G1Y5BNZL status=None — not ASIN-verified
[pinterest] generated 0 new pin(s); queue now 23 total -> social/pinterest_queue.json
/home/ianmcwherter/golden-home-project/automation/post_pinterest.py:120: DeprecationWarning: datetime.datetime.utcnow() is deprecated and scheduled for removal in a future version. Use timezone-aware objects to represent datetimes in UTC: datetime.datetime.now(datetime.UTC).
  today = dt.datetime.utcnow().strftime("%Y-%m-%d")
[pinterest] daily cap (1) reached; 14 still pending.
/home/ianmcwherter/golden-home-project/automation/post_pinterest.py:120: DeprecationWarning: datetime.datetime.utcnow() is deprecated and scheduled for removal in a future version. Use timezone-aware objects to represent datetimes in UTC: datetime.datetime.now(datetime.UTC).
  today = dt.datetime.utcnow().strftime("%Y-%m-%d")
[pinterest] daily cap (2) reached; 14 still pending.
  [skip] B09B126SSJ status=None — not ASIN-verified
  [skip] B075NS8YXG status=None — not ASIN-verified
  [skip] B08573DQ39 status=None — not ASIN-verified
  [skip] B0F29FLLJZ status=None — not ASIN-verified
  [skip] B0BFVSKX3M status=None — not ASIN-verified
  [skip] B0DZH3LX6Q status=None — not ASIN-verified
  [skip] B0FVW1TNH8 status=None — not ASIN-verified
  [skip] B073WD5KPX status=None — not ASIN-verified
  [skip] B0FFS5RBLC status=None — not ASIN-verified
  [skip] B0G1Y5BNZL status=None — not ASIN-verified
[pinterest] generated 0 new pin(s); queue now 23 total -> social/pinterest_queue.json
/home/ianmcwherter/golden-home-project/automation/post_pinterest.py:120: DeprecationWarning: datetime.datetime.utcnow() is deprecated and scheduled for removal in a future version. Use timezone-aware objects to represent datetimes in UTC: datetime.datetime.now(datetime.UTC).
  today = dt.datetime.utcnow().strftime("%Y-%m-%d")
/home/ianmcwherter/golden-home-project/automation/post_pinterest.py:70: DeprecationWarning: datetime.datetime.utcnow() is deprecated and scheduled for removal in a future version. Use timezone-aware objects to represent datetimes in UTC: datetime.datetime.now(datetime.UTC).
  e = {"ts": dt.datetime.utcnow().strftime("%Y-%m-%dT%H:%M:%SZ"),
/home/ianmcwherter/golden-home-project/automation/post_pinterest.py:88: DeprecationWarning: datetime.datetime.utcnow() is deprecated and scheduled for removal in a future version. Use timezone-aware objects to represent datetimes in UTC: datetime.datetime.now(datetime.UTC).
  "ts": dt.datetime.utcnow().strftime("%Y-%m-%dT%H:%M:%SZ"),
/home/ianmcwherter/golden-home-project/automation/post_pinterest.py:327: DeprecationWarning: datetime.datetime.utcnow() is deprecated and scheduled for removal in a future version. Use timezone-aware objects to represent datetimes in UTC: datetime.datetime.now(datetime.UTC).
  pin["posted_at"] = dt.datetime.utcnow().strftime("%Y-%m-%dT%H:%M:%SZ")
[pinterest] pin-2026-06-08-B01FXN3E74: published
[pinterest] 1 pin(s) published; 13 pending.
/home/ianmcwherter/golden-home-project/automation/post_pinterest.py:120: DeprecationWarning: datetime.datetime.utcnow() is deprecated and scheduled for removal in a future version. Use timezone-aware objects to represent datetimes in UTC: datetime.datetime.now(datetime.UTC).
  today = dt.datetime.utcnow().strftime("%Y-%m-%d")
/home/ianmcwherter/golden-home-project/automation/post_pinterest.py:70: DeprecationWarning: datetime.datetime.utcnow() is deprecated and scheduled for removal in a future version. Use timezone-aware objects to represent datetimes in UTC: datetime.datetime.now(datetime.UTC).
  e = {"ts": dt.datetime.utcnow().strftime("%Y-%m-%dT%H:%M:%SZ"),
/home/ianmcwherter/golden-home-project/automation/post_pinterest.py:88: DeprecationWarning: datetime.datetime.utcnow() is deprecated and scheduled for removal in a future version. Use timezone-aware objects to represent datetimes in UTC: datetime.datetime.now(datetime.UTC).
  "ts": dt.datetime.utcnow().strftime("%Y-%m-%dT%H:%M:%SZ"),
/home/ianmcwherter/golden-home-project/automation/post_pinterest.py:327: DeprecationWarning: datetime.datetime.utcnow() is deprecated and scheduled for removal in a future version. Use timezone-aware objects to represent datetimes in UTC: datetime.datetime.now(datetime.UTC).
  pin["posted_at"] = dt.datetime.utcnow().strftime("%Y-%m-%dT%H:%M:%SZ")
[pinterest] pin-2026-06-08-B0B3WSZ3QP: published
[pinterest] 1 pin(s) published; 12 pending.
  [skip] B09B126SSJ status=None — not ASIN-verified
  [skip] B075NS8YXG status=None — not ASIN-verified
  [skip] B08573DQ39 status=None — not ASIN-verified
  [skip] B0F29FLLJZ status=None — not ASIN-verified
  [skip] B0BFVSKX3M status=None — not ASIN-verified
  [skip] B0DZH3LX6Q status=None — not ASIN-verified
  [skip] B0FVW1TNH8 status=None — not ASIN-verified
  [skip] B073WD5KPX status=None — not ASIN-verified
  [skip] B0FFS5RBLC status=None — not ASIN-verified
  [skip] B0G1Y5BNZL status=None — not ASIN-verified
  [skip] B09SZ9T4MV status=None — not ASIN-verified
  [skip] B0DXKRFFGM status=None — not ASIN-verified
  [skip] B07QLQ3QP4 status=None — not ASIN-verified
[pinterest] generated 0 new pin(s); queue now 23 total -> social/pinterest_queue.json
/home/ianmcwherter/golden-home-project/automation/post_pinterest.py:120: DeprecationWarning: datetime.datetime.utcnow() is deprecated and scheduled for removal in a future version. Use timezone-aware objects to represent datetimes in UTC: datetime.datetime.now(datetime.UTC).
  today = dt.datetime.utcnow().strftime("%Y-%m-%d")
/home/ianmcwherter/golden-home-project/automation/post_pinterest.py:70: DeprecationWarning: datetime.datetime.utcnow() is deprecated and scheduled for removal in a future version. Use timezone-aware objects to represent datetimes in UTC: datetime.datetime.now(datetime.UTC).
  e = {"ts": dt.datetime.utcnow().strftime("%Y-%m-%dT%H:%M:%SZ"),
/home/ianmcwherter/golden-home-project/automation/post_pinterest.py:88: DeprecationWarning: datetime.datetime.utcnow() is deprecated and scheduled for removal in a future version. Use timezone-aware objects to represent datetimes in UTC: datetime.datetime.now(datetime.UTC).
  "ts": dt.datetime.utcnow().strftime("%Y-%m-%dT%H:%M:%SZ"),
/home/ianmcwherter/golden-home-project/automation/post_pinterest.py:327: DeprecationWarning: datetime.datetime.utcnow() is deprecated and scheduled for removal in a future version. Use timezone-aware objects to represent datetimes in UTC: datetime.datetime.now(datetime.UTC).
  pin["posted_at"] = dt.datetime.utcnow().strftime("%Y-%m-%dT%H:%M:%SZ")
[pinterest] pin-2026-06-11-B099NTSWD9: published
[pinterest] 1 pin(s) published; 11 pending.
/home/ianmcwherter/golden-home-project/automation/post_pinterest.py:120: DeprecationWarning: datetime.datetime.utcnow() is deprecated and scheduled for removal in a future version. Use timezone-aware objects to represent datetimes in UTC: datetime.datetime.now(datetime.UTC).
  today = dt.datetime.utcnow().strftime("%Y-%m-%d")
/home/ianmcwherter/golden-home-project/automation/post_pinterest.py:70: DeprecationWarning: datetime.datetime.utcnow() is deprecated and scheduled for removal in a future version. Use timezone-aware objects to represent datetimes in UTC: datetime.datetime.now(datetime.UTC).
  e = {"ts": dt.datetime.utcnow().strftime("%Y-%m-%dT%H:%M:%SZ"),
/home/ianmcwherter/golden-home-project/automation/post_pinterest.py:88: DeprecationWarning: datetime.datetime.utcnow() is deprecated and scheduled for removal in a future version. Use timezone-aware objects to represent datetimes in UTC: datetime.datetime.now(datetime.UTC).
  "ts": dt.datetime.utcnow().strftime("%Y-%m-%dT%H:%M:%SZ"),
/home/ianmcwherter/golden-home-project/automation/post_pinterest.py:327: DeprecationWarning: datetime.datetime.utcnow() is deprecated and scheduled for removal in a future version. Use timezone-aware objects to represent datetimes in UTC: datetime.datetime.now(datetime.UTC).
  pin["posted_at"] = dt.datetime.utcnow().strftime("%Y-%m-%dT%H:%M:%SZ")
[pinterest] pin-2026-06-11-B00DU5SRIY: published
[pinterest] 1 pin(s) published; 10 pending.
  [skip] B09B126SSJ status=None — not ASIN-verified
  [skip] B075NS8YXG status=None — not ASIN-verified
  [skip] B08573DQ39 status=None — not ASIN-verified
  [skip] B0F29FLLJZ status=None — not ASIN-verified
  [skip] B0BFVSKX3M status=None — not ASIN-verified
  [skip] B0DZH3LX6Q status=None — not ASIN-verified
  [skip] B0FVW1TNH8 status=None — not ASIN-verified
  [skip] B073WD5KPX status=None — not ASIN-verified
  [skip] B0FFS5RBLC status=None — not ASIN-verified
  [skip] B0G1Y5BNZL status=None — not ASIN-verified
  [skip] B09SZ9T4MV status=None — not ASIN-verified
  [skip] B0DXKRFFGM status=None — not ASIN-verified
  [skip] B07QLQ3QP4 status=None — not ASIN-verified
  [skip] B0F1CGK144 status=None — not ASIN-verified
  [skip] B08ZK5WDWN status=None — not ASIN-verified
  [skip] B07SPXKNXN status=None — not ASIN-verified
[pinterest] generated 0 new pin(s); queue now 26 total -> social/pinterest_queue.json
/home/ianmcwherter/golden-home-project/automation/post_pinterest.py:120: DeprecationWarning: datetime.datetime.utcnow() is deprecated and scheduled for removal in a future version. Use timezone-aware objects to represent datetimes in UTC: datetime.datetime.now(datetime.UTC).
  today = dt.datetime.utcnow().strftime("%Y-%m-%d")
/home/ianmcwherter/golden-home-project/automation/post_pinterest.py:70: DeprecationWarning: datetime.datetime.utcnow() is deprecated and scheduled for removal in a future version. Use timezone-aware objects to represent datetimes in UTC: datetime.datetime.now(datetime.UTC).
  e = {"ts": dt.datetime.utcnow().strftime("%Y-%m-%dT%H:%M:%SZ"),
/home/ianmcwherter/golden-home-project/automation/post_pinterest.py:88: DeprecationWarning: datetime.datetime.utcnow() is deprecated and scheduled for removal in a future version. Use timezone-aware objects to represent datetimes in UTC: datetime.datetime.now(datetime.UTC).
  "ts": dt.datetime.utcnow().strftime("%Y-%m-%dT%H:%M:%SZ"),
/home/ianmcwherter/golden-home-project/automation/post_pinterest.py:327: DeprecationWarning: datetime.datetime.utcnow() is deprecated and scheduled for removal in a future version. Use timezone-aware objects to represent datetimes in UTC: datetime.datetime.now(datetime.UTC).
  pin["posted_at"] = dt.datetime.utcnow().strftime("%Y-%m-%dT%H:%M:%SZ")
[pinterest] pin-2026-06-11-B00BAGTNAQ: published
[pinterest] 1 pin(s) published; 12 pending.
/home/ianmcwherter/golden-home-project/automation/post_pinterest.py:120: DeprecationWarning: datetime.datetime.utcnow() is deprecated and scheduled for removal in a future version. Use timezone-aware objects to represent datetimes in UTC: datetime.datetime.now(datetime.UTC).
  today = dt.datetime.utcnow().strftime("%Y-%m-%d")
/home/ianmcwherter/golden-home-project/automation/post_pinterest.py:70: DeprecationWarning: datetime.datetime.utcnow() is deprecated and scheduled for removal in a future version. Use timezone-aware objects to represent datetimes in UTC: datetime.datetime.now(datetime.UTC).
  e = {"ts": dt.datetime.utcnow().strftime("%Y-%m-%dT%H:%M:%SZ"),
/home/ianmcwherter/golden-home-project/automation/post_pinterest.py:88: DeprecationWarning: datetime.datetime.utcnow() is deprecated and scheduled for removal in a future version. Use timezone-aware objects to represent datetimes in UTC: datetime.datetime.now(datetime.UTC).
  "ts": dt.datetime.utcnow().strftime("%Y-%m-%dT%H:%M:%SZ"),
/home/ianmcwherter/golden-home-project/automation/post_pinterest.py:327: DeprecationWarning: datetime.datetime.utcnow() is deprecated and scheduled for removal in a future version. Use timezone-aware objects to represent datetimes in UTC: datetime.datetime.now(datetime.UTC).
  pin["posted_at"] = dt.datetime.utcnow().strftime("%Y-%m-%dT%H:%M:%SZ")
[pinterest] pin-2026-06-11-B0CVVVNB9L: published
[pinterest] 1 pin(s) published; 11 pending.
  [skip] B09B126SSJ status=None — not ASIN-verified
  [skip] B075NS8YXG status=None — not ASIN-verified
  [skip] B08573DQ39 status=None — not ASIN-verified
  [skip] B0F29FLLJZ status=None — not ASIN-verified
  [skip] B0BFVSKX3M status=None — not ASIN-verified
  [skip] B0DZH3LX6Q status=None — not ASIN-verified
  [skip] B0FVW1TNH8 status=None — not ASIN-verified
  [skip] B073WD5KPX status=None — not ASIN-verified
  [skip] B0FFS5RBLC status=None — not ASIN-verified
  [skip] B0G1Y5BNZL status=None — not ASIN-verified
  [skip] B09SZ9T4MV status=None — not ASIN-verified
  [skip] B0DXKRFFGM status=None — not ASIN-verified
  [skip] B07QLQ3QP4 status=None — not ASIN-verified
  [skip] B0F1CGK144 status=None — not ASIN-verified
  [skip] B08ZK5WDWN status=None — not ASIN-verified
  [skip] B07SPXKNXN status=None — not ASIN-verified
  [skip] B0B715XDG1 status=None — not ASIN-verified
[pinterest] generated 0 new pin(s); queue now 26 total -> social/pinterest_queue.json
/home/ianmcwherter/golden-home-project/automation/post_pinterest.py:120: DeprecationWarning: datetime.datetime.utcnow() is deprecated and scheduled for removal in a future version. Use timezone-aware objects to represent datetimes in UTC: datetime.datetime.now(datetime.UTC).
  today = dt.datetime.utcnow().strftime("%Y-%m-%d")
/home/ianmcwherter/golden-home-project/automation/post_pinterest.py:70: DeprecationWarning: datetime.datetime.utcnow() is deprecated and scheduled for removal in a future version. Use timezone-aware objects to represent datetimes in UTC: datetime.datetime.now(datetime.UTC).
  e = {"ts": dt.datetime.utcnow().strftime("%Y-%m-%dT%H:%M:%SZ"),
/home/ianmcwherter/golden-home-project/automation/post_pinterest.py:88: DeprecationWarning: datetime.datetime.utcnow() is deprecated and scheduled for removal in a future version. Use timezone-aware objects to represent datetimes in UTC: datetime.datetime.now(datetime.UTC).
  "ts": dt.datetime.utcnow().strftime("%Y-%m-%dT%H:%M:%SZ"),
/home/ianmcwherter/golden-home-project/automation/post_pinterest.py:327: DeprecationWarning: datetime.datetime.utcnow() is deprecated and scheduled for removal in a future version. Use timezone-aware objects to represent datetimes in UTC: datetime.datetime.now(datetime.UTC).
  pin["posted_at"] = dt.datetime.utcnow().strftime("%Y-%m-%dT%H:%M:%SZ")
[pinterest] pin-2026-06-12-B0BXSMJK86: published
[pinterest] 1 pin(s) published; 10 pending.
/home/ianmcwherter/golden-home-project/automation/post_pinterest.py:120: DeprecationWarning: datetime.datetime.utcnow() is deprecated and scheduled for removal in a future version. Use timezone-aware objects to represent datetimes in UTC: datetime.datetime.now(datetime.UTC).
  today = dt.datetime.utcnow().strftime("%Y-%m-%d")
/home/ianmcwherter/golden-home-project/automation/post_pinterest.py:70: DeprecationWarning: datetime.datetime.utcnow() is deprecated and scheduled for removal in a future version. Use timezone-aware objects to represent datetimes in UTC: datetime.datetime.now(datetime.UTC).
  e = {"ts": dt.datetime.utcnow().strftime("%Y-%m-%dT%H:%M:%SZ"),
/home/ianmcwherter/golden-home-project/automation/post_pinterest.py:88: DeprecationWarning: datetime.datetime.utcnow() is deprecated and scheduled for removal in a future version. Use timezone-aware objects to represent datetimes in UTC: datetime.datetime.now(datetime.UTC).
  "ts": dt.datetime.utcnow().strftime("%Y-%m-%dT%H:%M:%SZ"),
/home/ianmcwherter/golden-home-project/automation/post_pinterest.py:327: DeprecationWarning: datetime.datetime.utcnow() is deprecated and scheduled for removal in a future version. Use timezone-aware objects to represent datetimes in UTC: datetime.datetime.now(datetime.UTC).
  pin["posted_at"] = dt.datetime.utcnow().strftime("%Y-%m-%dT%H:%M:%SZ")
[pinterest] pin-2026-06-12-B085XVFQ62: published
[pinterest] 1 pin(s) published; 9 pending.
  [skip] B09B126SSJ status=None — not ASIN-verified
  [skip] B075NS8YXG status=None — not ASIN-verified
  [skip] B08573DQ39 status=None — not ASIN-verified
  [skip] B0F29FLLJZ status=None — not ASIN-verified
  [skip] B0BFVSKX3M status=None — not ASIN-verified
  [skip] B0DZH3LX6Q status=None — not ASIN-verified
  [skip] B0FVW1TNH8 status=None — not ASIN-verified
  [skip] B073WD5KPX status=None — not ASIN-verified
  [skip] B0FFS5RBLC status=None — not ASIN-verified
  [skip] B0G1Y5BNZL status=None — not ASIN-verified
  [skip] B09SZ9T4MV status=None — not ASIN-verified
  [skip] B0DXKRFFGM status=None — not ASIN-verified
  [skip] B07QLQ3QP4 status=None — not ASIN-verified
  [skip] B0F1CGK144 status=None — not ASIN-verified
  [skip] B08ZK5WDWN status=None — not ASIN-verified
  [skip] B07SPXKNXN status=None — not ASIN-verified
  [skip] B0B715XDG1 status=None — not ASIN-verified
  [skip] 1612435688 status=None — not ASIN-verified
  [skip] B0CD1X9B1J status=None — not ASIN-verified
  [skip] B0F1MSZ34H status=None — not ASIN-verified
[pinterest] generated 0 new pin(s); queue now 26 total -> social/pinterest_queue.json
/home/ianmcwherter/golden-home-project/automation/post_pinterest.py:120: DeprecationWarning: datetime.datetime.utcnow() is deprecated and scheduled for removal in a future version. Use timezone-aware objects to represent datetimes in UTC: datetime.datetime.now(datetime.UTC).
  today = dt.datetime.utcnow().strftime("%Y-%m-%d")
/home/ianmcwherter/golden-home-project/automation/post_pinterest.py:70: DeprecationWarning: datetime.datetime.utcnow() is deprecated and scheduled for removal in a future version. Use timezone-aware objects to represent datetimes in UTC: datetime.datetime.now(datetime.UTC).
  e = {"ts": dt.datetime.utcnow().strftime("%Y-%m-%dT%H:%M:%SZ"),
/home/ianmcwherter/golden-home-project/automation/post_pinterest.py:88: DeprecationWarning: datetime.datetime.utcnow() is deprecated and scheduled for removal in a future version. Use timezone-aware objects to represent datetimes in UTC: datetime.datetime.now(datetime.UTC).
  "ts": dt.datetime.utcnow().strftime("%Y-%m-%dT%H:%M:%SZ"),
/home/ianmcwherter/golden-home-project/automation/post_pinterest.py:327: DeprecationWarning: datetime.datetime.utcnow() is deprecated and scheduled for removal in a future version. Use timezone-aware objects to represent datetimes in UTC: datetime.datetime.now(datetime.UTC).
  pin["posted_at"] = dt.datetime.utcnow().strftime("%Y-%m-%dT%H:%M:%SZ")
[pinterest] pin-2026-06-12-B0D176VGXZ: published
[pinterest] 1 pin(s) published; 8 pending.
/home/ianmcwherter/golden-home-project/automation/post_pinterest.py:120: DeprecationWarning: datetime.datetime.utcnow() is deprecated and scheduled for removal in a future version. Use timezone-aware objects to represent datetimes in UTC: datetime.datetime.now(datetime.UTC).
  today = dt.datetime.utcnow().strftime("%Y-%m-%d")
/home/ianmcwherter/golden-home-project/automation/post_pinterest.py:70: DeprecationWarning: datetime.datetime.utcnow() is deprecated and scheduled for removal in a future version. Use timezone-aware objects to represent datetimes in UTC: datetime.datetime.now(datetime.UTC).
  e = {"ts": dt.datetime.utcnow().strftime("%Y-%m-%dT%H:%M:%SZ"),
/home/ianmcwherter/golden-home-project/automation/post_pinterest.py:88: DeprecationWarning: datetime.datetime.utcnow() is deprecated and scheduled for removal in a future version. Use timezone-aware objects to represent datetimes in UTC: datetime.datetime.now(datetime.UTC).
  "ts": dt.datetime.utcnow().strftime("%Y-%m-%dT%H:%M:%SZ"),
/home/ianmcwherter/golden-home-project/automation/post_pinterest.py:327: DeprecationWarning: datetime.datetime.utcnow() is deprecated and scheduled for removal in a future version. Use timezone-aware objects to represent datetimes in UTC: datetime.datetime.now(datetime.UTC).
  pin["posted_at"] = dt.datetime.utcnow().strftime("%Y-%m-%dT%H:%M:%SZ")
[pinterest] pin-2026-06-12-B0F8Q1Y3Z4: published
[pinterest] 1 pin(s) published; 7 pending.
  [skip] B09B126SSJ status=None — not ASIN-verified
  [skip] B075NS8YXG status=None — not ASIN-verified
  [skip] B08573DQ39 status=None — not ASIN-verified
  [skip] B0F29FLLJZ status=None — not ASIN-verified
  [skip] B0BFVSKX3M status=None — not ASIN-verified
  [skip] B0DZH3LX6Q status=None — not ASIN-verified
  [skip] B0FVW1TNH8 status=None — not ASIN-verified
  [skip] B073WD5KPX status=None — not ASIN-verified
  [skip] B0FFS5RBLC status=None — not ASIN-verified
  [skip] B0G1Y5BNZL status=None — not ASIN-verified
  [skip] B09SZ9T4MV status=None — not ASIN-verified
  [skip] B0DXKRFFGM status=None — not ASIN-verified
  [skip] B07QLQ3QP4 status=None — not ASIN-verified
  [skip] B0F1CGK144 status=None — not ASIN-verified
  [skip] B08ZK5WDWN status=None — not ASIN-verified
  [skip] B07SPXKNXN status=None — not ASIN-verified
  [skip] B0B715XDG1 status=None — not ASIN-verified
  [skip] 1612435688 status=None — not ASIN-verified
  [skip] B0CD1X9B1J status=None — not ASIN-verified
  [skip] B0F1MSZ34H status=None — not ASIN-verified
  [skip] B07T4N63TK status=None — not ASIN-verified
  [skip] B08LDD8HBW status=None — not ASIN-verified
  [skip] B0FDWLX8QP status=None — not ASIN-verified
[pinterest] generated 0 new pin(s); queue now 26 total -> social/pinterest_queue.json
/home/ianmcwherter/golden-home-project/automation/post_pinterest.py:120: DeprecationWarning: datetime.datetime.utcnow() is deprecated and scheduled for removal in a future version. Use timezone-aware objects to represent datetimes in UTC: datetime.datetime.now(datetime.UTC).
  today = dt.datetime.utcnow().strftime("%Y-%m-%d")
/home/ianmcwherter/golden-home-project/automation/post_pinterest.py:70: DeprecationWarning: datetime.datetime.utcnow() is deprecated and scheduled for removal in a future version. Use timezone-aware objects to represent datetimes in UTC: datetime.datetime.now(datetime.UTC).
  e = {"ts": dt.datetime.utcnow().strftime("%Y-%m-%dT%H:%M:%SZ"),
/home/ianmcwherter/golden-home-project/automation/post_pinterest.py:88: DeprecationWarning: datetime.datetime.utcnow() is deprecated and scheduled for removal in a future version. Use timezone-aware objects to represent datetimes in UTC: datetime.datetime.now(datetime.UTC).
  "ts": dt.datetime.utcnow().strftime("%Y-%m-%dT%H:%M:%SZ"),
/home/ianmcwherter/golden-home-project/automation/post_pinterest.py:327: DeprecationWarning: datetime.datetime.utcnow() is deprecated and scheduled for removal in a future version. Use timezone-aware objects to represent datetimes in UTC: datetime.datetime.now(datetime.UTC).
  pin["posted_at"] = dt.datetime.utcnow().strftime("%Y-%m-%dT%H:%M:%SZ")
[pinterest] pin-2026-06-13-B07WFXL22R: published
[pinterest] 1 pin(s) published; 6 pending.
/home/ianmcwherter/golden-home-project/automation/post_pinterest.py:120: DeprecationWarning: datetime.datetime.utcnow() is deprecated and scheduled for removal in a future version. Use timezone-aware objects to represent datetimes in UTC: datetime.datetime.now(datetime.UTC).
  today = dt.datetime.utcnow().strftime("%Y-%m-%d")
/home/ianmcwherter/golden-home-project/automation/post_pinterest.py:70: DeprecationWarning: datetime.datetime.utcnow() is deprecated and scheduled for removal in a future version. Use timezone-aware objects to represent datetimes in UTC: datetime.datetime.now(datetime.UTC).
  e = {"ts": dt.datetime.utcnow().strftime("%Y-%m-%dT%H:%M:%SZ"),
/home/ianmcwherter/golden-home-project/automation/post_pinterest.py:88: DeprecationWarning: datetime.datetime.utcnow() is deprecated and scheduled for removal in a future version. Use timezone-aware objects to represent datetimes in UTC: datetime.datetime.now(datetime.UTC).
  "ts": dt.datetime.utcnow().strftime("%Y-%m-%dT%H:%M:%SZ"),
/home/ianmcwherter/golden-home-project/automation/post_pinterest.py:327: DeprecationWarning: datetime.datetime.utcnow() is deprecated and scheduled for removal in a future version. Use timezone-aware objects to represent datetimes in UTC: datetime.datetime.now(datetime.UTC).
  pin["posted_at"] = dt.datetime.utcnow().strftime("%Y-%m-%dT%H:%M:%SZ")
[pinterest] pin-2026-06-13-B0CXDJG5QM: published
[pinterest] 1 pin(s) published; 5 pending.
  [skip] B09B126SSJ status=None — not ASIN-verified
  [skip] B075NS8YXG status=None — not ASIN-verified
  [skip] B08573DQ39 status=None — not ASIN-verified
  [skip] B0F29FLLJZ status=None — not ASIN-verified
  [skip] B0BFVSKX3M status=None — not ASIN-verified
  [skip] B0DZH3LX6Q status=None — not ASIN-verified
  [skip] B0FVW1TNH8 status=None — not ASIN-verified
  [skip] B073WD5KPX status=None — not ASIN-verified
  [skip] B0FFS5RBLC status=None — not ASIN-verified
  [skip] B0G1Y5BNZL status=None — not ASIN-verified
  [skip] B09SZ9T4MV status=None — not ASIN-verified
  [skip] B0DXKRFFGM status=None — not ASIN-verified
  [skip] B07QLQ3QP4 status=None — not ASIN-verified
  [skip] B0F1CGK144 status=None — not ASIN-verified
  [skip] B08ZK5WDWN status=None — not ASIN-verified
  [skip] B07SPXKNXN status=None — not ASIN-verified
  [skip] B0B715XDG1 status=None — not ASIN-verified
  [skip] 1612435688 status=None — not ASIN-verified
  [skip] B0CD1X9B1J status=None — not ASIN-verified
  [skip] B0F1MSZ34H status=None — not ASIN-verified
  [skip] B07T4N63TK status=None — not ASIN-verified
  [skip] B08LDD8HBW status=None — not ASIN-verified
  [skip] B0FDWLX8QP status=None — not ASIN-verified
  [skip] B08RJC5B74 status=None — not ASIN-verified
[pinterest] generated 0 new pin(s); queue now 26 total -> social/pinterest_queue.json
/home/ianmcwherter/golden-home-project/automation/post_pinterest.py:120: DeprecationWarning: datetime.datetime.utcnow() is deprecated and scheduled for removal in a future version. Use timezone-aware objects to represent datetimes in UTC: datetime.datetime.now(datetime.UTC).
  today = dt.datetime.utcnow().strftime("%Y-%m-%d")
/home/ianmcwherter/golden-home-project/automation/post_pinterest.py:70: DeprecationWarning: datetime.datetime.utcnow() is deprecated and scheduled for removal in a future version. Use timezone-aware objects to represent datetimes in UTC: datetime.datetime.now(datetime.UTC).
  e = {"ts": dt.datetime.utcnow().strftime("%Y-%m-%dT%H:%M:%SZ"),
/home/ianmcwherter/golden-home-project/automation/post_pinterest.py:88: DeprecationWarning: datetime.datetime.utcnow() is deprecated and scheduled for removal in a future version. Use timezone-aware objects to represent datetimes in UTC: datetime.datetime.now(datetime.UTC).
  "ts": dt.datetime.utcnow().strftime("%Y-%m-%dT%H:%M:%SZ"),
/home/ianmcwherter/golden-home-project/automation/post_pinterest.py:327: DeprecationWarning: datetime.datetime.utcnow() is deprecated and scheduled for removal in a future version. Use timezone-aware objects to represent datetimes in UTC: datetime.datetime.now(datetime.UTC).
  pin["posted_at"] = dt.datetime.utcnow().strftime("%Y-%m-%dT%H:%M:%SZ")
[pinterest] pin-2026-06-13-B088WYYH85: published
[pinterest] 1 pin(s) published; 4 pending.
/home/ianmcwherter/golden-home-project/automation/post_pinterest.py:120: DeprecationWarning: datetime.datetime.utcnow() is deprecated and scheduled for removal in a future version. Use timezone-aware objects to represent datetimes in UTC: datetime.datetime.now(datetime.UTC).
  today = dt.datetime.utcnow().strftime("%Y-%m-%d")
/home/ianmcwherter/golden-home-project/automation/post_pinterest.py:70: DeprecationWarning: datetime.datetime.utcnow() is deprecated and scheduled for removal in a future version. Use timezone-aware objects to represent datetimes in UTC: datetime.datetime.now(datetime.UTC).
  e = {"ts": dt.datetime.utcnow().strftime("%Y-%m-%dT%H:%M:%SZ"),
/home/ianmcwherter/golden-home-project/automation/post_pinterest.py:88: DeprecationWarning: datetime.datetime.utcnow() is deprecated and scheduled for removal in a future version. Use timezone-aware objects to represent datetimes in UTC: datetime.datetime.now(datetime.UTC).
  "ts": dt.datetime.utcnow().strftime("%Y-%m-%dT%H:%M:%SZ"),
/home/ianmcwherter/golden-home-project/automation/post_pinterest.py:327: DeprecationWarning: datetime.datetime.utcnow() is deprecated and scheduled for removal in a future version. Use timezone-aware objects to represent datetimes in UTC: datetime.datetime.now(datetime.UTC).
  pin["posted_at"] = dt.datetime.utcnow().strftime("%Y-%m-%dT%H:%M:%SZ")
[pinterest] pin-2026-06-13-B09W2F2L4C: published
[pinterest] 1 pin(s) published; 3 pending.
  [skip] B09B126SSJ status=None — not ASIN-verified
  [skip] B075NS8YXG status=None — not ASIN-verified
  [skip] B08573DQ39 status=None — not ASIN-verified
  [skip] B0F29FLLJZ status=None — not ASIN-verified
  [skip] B0BFVSKX3M status=None — not ASIN-verified
  [skip] B0DZH3LX6Q status=None — not ASIN-verified
  [skip] B0FVW1TNH8 status=None — not ASIN-verified
  [skip] B073WD5KPX status=None — not ASIN-verified
  [skip] B0FFS5RBLC status=None — not ASIN-verified
  [skip] B0G1Y5BNZL status=None — not ASIN-verified
  [skip] B09SZ9T4MV status=None — not ASIN-verified
  [skip] B0DXKRFFGM status=None — not ASIN-verified
  [skip] B07QLQ3QP4 status=None — not ASIN-verified
  [skip] B0F1CGK144 status=None — not ASIN-verified
  [skip] B08ZK5WDWN status=None — not ASIN-verified
  [skip] B07SPXKNXN status=None — not ASIN-verified
  [skip] B0B715XDG1 status=None — not ASIN-verified
  [skip] 1612435688 status=None — not ASIN-verified
  [skip] B0CD1X9B1J status=None — not ASIN-verified
  [skip] B0F1MSZ34H status=None — not ASIN-verified
  [skip] B07T4N63TK status=None — not ASIN-verified
  [skip] B08LDD8HBW status=None — not ASIN-verified
  [skip] B0FDWLX8QP status=None — not ASIN-verified
  [skip] B08RJC5B74 status=None — not ASIN-verified
[pinterest] generated 0 new pin(s); queue now 26 total -> social/pinterest_queue.json
/home/ianmcwherter/golden-home-project/automation/post_pinterest.py:120: DeprecationWarning: datetime.datetime.utcnow() is deprecated and scheduled for removal in a future version. Use timezone-aware objects to represent datetimes in UTC: datetime.datetime.now(datetime.UTC).
  today = dt.datetime.utcnow().strftime("%Y-%m-%d")
/home/ianmcwherter/golden-home-project/automation/post_pinterest.py:70: DeprecationWarning: datetime.datetime.utcnow() is deprecated and scheduled for removal in a future version. Use timezone-aware objects to represent datetimes in UTC: datetime.datetime.now(datetime.UTC).
  e = {"ts": dt.datetime.utcnow().strftime("%Y-%m-%dT%H:%M:%SZ"),
/home/ianmcwherter/golden-home-project/automation/post_pinterest.py:88: DeprecationWarning: datetime.datetime.utcnow() is deprecated and scheduled for removal in a future version. Use timezone-aware objects to represent datetimes in UTC: datetime.datetime.now(datetime.UTC).
  "ts": dt.datetime.utcnow().strftime("%Y-%m-%dT%H:%M:%SZ"),
/home/ianmcwherter/golden-home-project/automation/post_pinterest.py:327: DeprecationWarning: datetime.datetime.utcnow() is deprecated and scheduled for removal in a future version. Use timezone-aware objects to represent datetimes in UTC: datetime.datetime.now(datetime.UTC).
  pin["posted_at"] = dt.datetime.utcnow().strftime("%Y-%m-%dT%H:%M:%SZ")
[pinterest] pin-roundup-ru-kitchen-cabinets: published
[pinterest] 1 pin(s) published; 2 pending.
/home/ianmcwherter/golden-home-project/automation/post_pinterest.py:120: DeprecationWarning: datetime.datetime.utcnow() is deprecated and scheduled for removal in a future version. Use timezone-aware objects to represent datetimes in UTC: datetime.datetime.now(datetime.UTC).
  today = dt.datetime.utcnow().strftime("%Y-%m-%d")
/home/ianmcwherter/golden-home-project/automation/post_pinterest.py:70: DeprecationWarning: datetime.datetime.utcnow() is deprecated and scheduled for removal in a future version. Use timezone-aware objects to represent datetimes in UTC: datetime.datetime.now(datetime.UTC).
  e = {"ts": dt.datetime.utcnow().strftime("%Y-%m-%dT%H:%M:%SZ"),
/home/ianmcwherter/golden-home-project/automation/post_pinterest.py:88: DeprecationWarning: datetime.datetime.utcnow() is deprecated and scheduled for removal in a future version. Use timezone-aware objects to represent datetimes in UTC: datetime.datetime.now(datetime.UTC).
  "ts": dt.datetime.utcnow().strftime("%Y-%m-%dT%H:%M:%SZ"),
/home/ianmcwherter/golden-home-project/automation/post_pinterest.py:327: DeprecationWarning: datetime.datetime.utcnow() is deprecated and scheduled for removal in a future version. Use timezone-aware objects to represent datetimes in UTC: datetime.datetime.now(datetime.UTC).
  pin["posted_at"] = dt.datetime.utcnow().strftime("%Y-%m-%dT%H:%M:%SZ")
[pinterest] pin-roundup-ru-kitchen-small: published
[pinterest] 1 pin(s) published; 1 pending.
  [skip] B09B126SSJ status=None — not ASIN-verified
  [skip] B075NS8YXG status=None — not ASIN-verified
  [skip] B08573DQ39 status=None — not ASIN-verified
  [skip] B0F29FLLJZ status=None — not ASIN-verified
  [skip] B0BFVSKX3M status=None — not ASIN-verified
  [skip] B0DZH3LX6Q status=None — not ASIN-verified
  [skip] B0FVW1TNH8 status=None — not ASIN-verified
  [skip] B073WD5KPX status=None — not ASIN-verified
  [skip] B0FFS5RBLC status=None — not ASIN-verified
  [skip] B0G1Y5BNZL status=None — not ASIN-verified
  [skip] B09SZ9T4MV status=None — not ASIN-verified
  [skip] B0DXKRFFGM status=None — not ASIN-verified
  [skip] B07QLQ3QP4 status=None — not ASIN-verified
  [skip] B0F1CGK144 status=None — not ASIN-verified
  [skip] B08ZK5WDWN status=None — not ASIN-verified
  [skip] B07SPXKNXN status=None — not ASIN-verified
  [skip] B0B715XDG1 status=None — not ASIN-verified
  [skip] 1612435688 status=None — not ASIN-verified
  [skip] B0CD1X9B1J status=None — not ASIN-verified
  [skip] B0F1MSZ34H status=None — not ASIN-verified
  [skip] B07T4N63TK status=None — not ASIN-verified
  [skip] B08LDD8HBW status=None — not ASIN-verified
  [skip] B0FDWLX8QP status=None — not ASIN-verified
  [skip] B08RJC5B74 status=None — not ASIN-verified
[pinterest] generated 0 new pin(s); queue now 26 total -> social/pinterest_queue.json
/home/ianmcwherter/golden-home-project/automation/post_pinterest.py:120: DeprecationWarning: datetime.datetime.utcnow() is deprecated and scheduled for removal in a future version. Use timezone-aware objects to represent datetimes in UTC: datetime.datetime.now(datetime.UTC).
  today = dt.datetime.utcnow().strftime("%Y-%m-%d")
/home/ianmcwherter/golden-home-project/automation/post_pinterest.py:70: DeprecationWarning: datetime.datetime.utcnow() is deprecated and scheduled for removal in a future version. Use timezone-aware objects to represent datetimes in UTC: datetime.datetime.now(datetime.UTC).
  e = {"ts": dt.datetime.utcnow().strftime("%Y-%m-%dT%H:%M:%SZ"),
/home/ianmcwherter/golden-home-project/automation/post_pinterest.py:88: DeprecationWarning: datetime.datetime.utcnow() is deprecated and scheduled for removal in a future version. Use timezone-aware objects to represent datetimes in UTC: datetime.datetime.now(datetime.UTC).
  "ts": dt.datetime.utcnow().strftime("%Y-%m-%dT%H:%M:%SZ"),
/home/ianmcwherter/golden-home-project/automation/post_pinterest.py:327: DeprecationWarning: datetime.datetime.utcnow() is deprecated and scheduled for removal in a future version. Use timezone-aware objects to represent datetimes in UTC: datetime.datetime.now(datetime.UTC).
  pin["posted_at"] = dt.datetime.utcnow().strftime("%Y-%m-%dT%H:%M:%SZ")
[pinterest] pin-roundup-ru-kitchen-undersink: published
[pinterest] 1 pin(s) published; 0 pending.
/home/ianmcwherter/golden-home-project/automation/post_pinterest.py:120: DeprecationWarning: datetime.datetime.utcnow() is deprecated and scheduled for removal in a future version. Use timezone-aware objects to represent datetimes in UTC: datetime.datetime.now(datetime.UTC).
  today = dt.datetime.utcnow().strftime("%Y-%m-%d")
[pinterest] queue empty — nothing to post. Run pinterest_pipeline.py to refill.
  [skip] B09B126SSJ status=None — not ASIN-verified
  [skip] B075NS8YXG status=None — not ASIN-verified
  [skip] B08573DQ39 status=None — not ASIN-verified
  [skip] B0F29FLLJZ status=None — not ASIN-verified
  [skip] B0BFVSKX3M status=None — not ASIN-verified
  [skip] B0DZH3LX6Q status=None — not ASIN-verified
  [skip] B0FVW1TNH8 status=None — not ASIN-verified
  [skip] B073WD5KPX status=None — not ASIN-verified
  [skip] B0FFS5RBLC status=None — not ASIN-verified
  [skip] B0G1Y5BNZL status=None — not ASIN-verified
  [skip] B09SZ9T4MV status=None — not ASIN-verified
  [skip] B0DXKRFFGM status=None — not ASIN-verified
  [skip] B07QLQ3QP4 status=None — not ASIN-verified
  [skip] B0F1CGK144 status=None — not ASIN-verified
  [skip] B08ZK5WDWN status=None — not ASIN-verified
  [skip] B07SPXKNXN status=None — not ASIN-verified
  [skip] B0B715XDG1 status=None — not ASIN-verified
  [skip] 1612435688 status=None — not ASIN-verified
  [skip] B0CD1X9B1J status=None — not ASIN-verified
  [skip] B0F1MSZ34H status=None — not ASIN-verified
  [skip] B07T4N63TK status=None — not ASIN-verified
  [skip] B08LDD8HBW status=None — not ASIN-verified
  [skip] B0FDWLX8QP status=None — not ASIN-verified
  [skip] B08RJC5B74 status=None — not ASIN-verified
[pinterest] generated 0 new pin(s); queue now 26 total -> social/pinterest_queue.json
/home/ianmcwherter/golden-home-project/automation/post_pinterest.py:120: DeprecationWarning: datetime.datetime.utcnow() is deprecated and scheduled for removal in a future version. Use timezone-aware objects to represent datetimes in UTC: datetime.datetime.now(datetime.UTC).
  today = dt.datetime.utcnow().strftime("%Y-%m-%d")
[pinterest] queue empty — nothing to post. Run pinterest_pipeline.py to refill.
/home/ianmcwherter/golden-home-project/automation/post_pinterest.py:120: DeprecationWarning: datetime.datetime.utcnow() is deprecated and scheduled for removal in a future version. Use timezone-aware objects to represent datetimes in UTC: datetime.datetime.now(datetime.UTC).
  today = dt.datetime.utcnow().strftime("%Y-%m-%d")
[pinterest] queue empty — nothing to post. Run pinterest_pipeline.py to refill.
  [skip] B09B126SSJ status=None — not ASIN-verified
  [skip] B075NS8YXG status=None — not ASIN-verified
  [skip] B08573DQ39 status=None — not ASIN-verified
  [skip] B0F29FLLJZ status=None — not ASIN-verified
  [skip] B0BFVSKX3M status=None — not ASIN-verified
  [skip] B0DZH3LX6Q status=None — not ASIN-verified
  [skip] B0FVW1TNH8 status=None — not ASIN-verified
  [skip] B073WD5KPX status=None — not ASIN-verified
  [skip] B0FFS5RBLC status=None — not ASIN-verified
  [skip] B0G1Y5BNZL status=None — not ASIN-verified
  [skip] B09SZ9T4MV status=None — not ASIN-verified
  [skip] B0DXKRFFGM status=None — not ASIN-verified
  [skip] B07QLQ3QP4 status=None — not ASIN-verified
  [skip] B0F1CGK144 status=None — not ASIN-verified
  [skip] B08ZK5WDWN status=None — not ASIN-verified
  [skip] B07SPXKNXN status=None — not ASIN-verified
  [skip] B0B715XDG1 status=None — not ASIN-verified
  [skip] 1612435688 status=None — not ASIN-verified
  [skip] B0CD1X9B1J status=None — not ASIN-verified
  [skip] B0F1MSZ34H status=None — not ASIN-verified
  [skip] B07T4N63TK status=None — not ASIN-verified
  [skip] B08LDD8HBW status=None — not ASIN-verified
  [skip] B0FDWLX8QP status=None — not ASIN-verified
  [skip] B08RJC5B74 status=None — not ASIN-verified
[pinterest] generated 0 new pin(s); queue now 26 total -> social/pinterest_queue.json
/home/ianmcwherter/golden-home-project/automation/post_pinterest.py:120: DeprecationWarning: datetime.datetime.utcnow() is deprecated and scheduled for removal in a future version. Use timezone-aware objects to represent datetimes in UTC: datetime.datetime.now(datetime.UTC).
  today = dt.datetime.utcnow().strftime("%Y-%m-%d")
[pinterest] queue empty — nothing to post. Run pinterest_pipeline.py to refill.
/home/ianmcwherter/golden-home-project/automation/post_pinterest.py:120: DeprecationWarning: datetime.datetime.utcnow() is deprecated and scheduled for removal in a future version. Use timezone-aware objects to represent datetimes in UTC: datetime.datetime.now(datetime.UTC).
  today = dt.datetime.utcnow().strftime("%Y-%m-%d")
[pinterest] queue empty — nothing to post. Run pinterest_pipeline.py to refill.
  [skip] B09B126SSJ status=None — not ASIN-verified
  [skip] B075NS8YXG status=None — not ASIN-verified
  [skip] B08573DQ39 status=None — not ASIN-verified
  [skip] B0F29FLLJZ status=None — not ASIN-verified
  [skip] B0BFVSKX3M status=None — not ASIN-verified
  [skip] B0DZH3LX6Q status=None — not ASIN-verified
  [skip] B0FVW1TNH8 status=None — not ASIN-verified
  [skip] B073WD5KPX status=None — not ASIN-verified
  [skip] B0FFS5RBLC status=None — not ASIN-verified
  [skip] B0G1Y5BNZL status=None — not ASIN-verified
  [skip] B09SZ9T4MV status=None — not ASIN-verified
  [skip] B0DXKRFFGM status=None — not ASIN-verified
  [skip] B07QLQ3QP4 status=None — not ASIN-verified
  [skip] B0F1CGK144 status=None — not ASIN-verified
  [skip] B08ZK5WDWN status=None — not ASIN-verified
  [skip] B07SPXKNXN status=None — not ASIN-verified
  [skip] B0B715XDG1 status=None — not ASIN-verified
  [skip] 1612435688 status=None — not ASIN-verified
  [skip] B0CD1X9B1J status=None — not ASIN-verified
  [skip] B0F1MSZ34H status=None — not ASIN-verified
  [skip] B07T4N63TK status=None — not ASIN-verified
  [skip] B08LDD8HBW status=None — not ASIN-verified
  [skip] B0FDWLX8QP status=None — not ASIN-verified
  [skip] B08RJC5B74 status=None — not ASIN-verified
[pinterest] generated 0 new pin(s); queue now 26 total -> social/pinterest_queue.json
/home/ianmcwherter/golden-home-project/automation/post_pinterest.py:120: DeprecationWarning: datetime.datetime.utcnow() is deprecated and scheduled for removal in a future version. Use timezone-aware objects to represent datetimes in UTC: datetime.datetime.now(datetime.UTC).
  today = dt.datetime.utcnow().strftime("%Y-%m-%d")
[pinterest] queue empty — nothing to post. Run pinterest_pipeline.py to refill.
/home/ianmcwherter/golden-home-project/automation/post_pinterest.py:120: DeprecationWarning: datetime.datetime.utcnow() is deprecated and scheduled for removal in a future version. Use timezone-aware objects to represent datetimes in UTC: datetime.datetime.now(datetime.UTC).
  today = dt.datetime.utcnow().strftime("%Y-%m-%d")
[pinterest] queue empty — nothing to post. Run pinterest_pipeline.py to refill.
  [skip] B09B126SSJ status=None — not ASIN-verified
  [skip] B075NS8YXG status=None — not ASIN-verified
  [skip] B08573DQ39 status=None — not ASIN-verified
  [skip] B0F29FLLJZ status=None — not ASIN-verified
  [skip] B0BFVSKX3M status=None — not ASIN-verified
  [skip] B0DZH3LX6Q status=None — not ASIN-verified
  [skip] B0FVW1TNH8 status=None — not ASIN-verified
  [skip] B073WD5KPX status=None — not ASIN-verified
  [skip] B0FFS5RBLC status=None — not ASIN-verified
  [skip] B0G1Y5BNZL status=None — not ASIN-verified
  [skip] B09SZ9T4MV status=None — not ASIN-verified
  [skip] B0DXKRFFGM status=None — not ASIN-verified
  [skip] B07QLQ3QP4 status=None — not ASIN-verified
  [skip] B0F1CGK144 status=None — not ASIN-verified
  [skip] B08ZK5WDWN status=None — not ASIN-verified
  [skip] B07SPXKNXN status=None — not ASIN-verified
  [skip] B0B715XDG1 status=None — not ASIN-verified
  [skip] 1612435688 status=None — not ASIN-verified
  [skip] B0CD1X9B1J status=None — not ASIN-verified
  [skip] B0F1MSZ34H status=None — not ASIN-verified
  [skip] B07T4N63TK status=None — not ASIN-verified
  [skip] B08LDD8HBW status=None — not ASIN-verified
  [skip] B0FDWLX8QP status=None — not ASIN-verified
  [skip] B08RJC5B74 status=None — not ASIN-verified
[pinterest] generated 0 new pin(s); queue now 26 total -> social/pinterest_queue.json
/home/ianmcwherter/golden-home-project/automation/post_pinterest.py:120: DeprecationWarning: datetime.datetime.utcnow() is deprecated and scheduled for removal in a future version. Use timezone-aware objects to represent datetimes in UTC: datetime.datetime.now(datetime.UTC).
  today = dt.datetime.utcnow().strftime("%Y-%m-%d")
[pinterest] queue empty — nothing to post. Run pinterest_pipeline.py to refill.
/home/ianmcwherter/golden-home-project/automation/post_pinterest.py:120: DeprecationWarning: datetime.datetime.utcnow() is deprecated and scheduled for removal in a future version. Use timezone-aware objects to represent datetimes in UTC: datetime.datetime.now(datetime.UTC).
  today = dt.datetime.utcnow().strftime("%Y-%m-%d")
[pinterest] queue empty — nothing to post. Run pinterest_pipeline.py to refill.
  [skip] B09B126SSJ status=None — not ASIN-verified
  [skip] B075NS8YXG status=None — not ASIN-verified
  [skip] B08573DQ39 status=None — not ASIN-verified
  [skip] B0F29FLLJZ status=None — not ASIN-verified
  [skip] B0BFVSKX3M status=None — not ASIN-verified
  [skip] B0DZH3LX6Q status=None — not ASIN-verified
  [skip] B0FVW1TNH8 status=None — not ASIN-verified
  [skip] B073WD5KPX status=None — not ASIN-verified
  [skip] B0FFS5RBLC status=None — not ASIN-verified
  [skip] B0G1Y5BNZL status=None — not ASIN-verified
  [skip] B09SZ9T4MV status=None — not ASIN-verified
  [skip] B0DXKRFFGM status=None — not ASIN-verified
  [skip] B07QLQ3QP4 status=None — not ASIN-verified
  [skip] B0F1CGK144 status=None — not ASIN-verified
  [skip] B08ZK5WDWN status=None — not ASIN-verified
  [skip] B07SPXKNXN status=None — not ASIN-verified
  [skip] B0B715XDG1 status=None — not ASIN-verified
  [skip] 1612435688 status=None — not ASIN-verified
  [skip] B0CD1X9B1J status=None — not ASIN-verified
  [skip] B0F1MSZ34H status=None — not ASIN-verified
  [skip] B07T4N63TK status=None — not ASIN-verified
  [skip] B08LDD8HBW status=None — not ASIN-verified
  [skip] B0FDWLX8QP status=None — not ASIN-verified
  [skip] B08RJC5B74 status=None — not ASIN-verified
[pinterest] generated 0 new pin(s); queue now 26 total -> social/pinterest_queue.json
/home/ianmcwherter/golden-home-project/automation/post_pinterest.py:120: DeprecationWarning: datetime.datetime.utcnow() is deprecated and scheduled for removal in a future version. Use timezone-aware objects to represent datetimes in UTC: datetime.datetime.now(datetime.UTC).
  today = dt.datetime.utcnow().strftime("%Y-%m-%d")
[pinterest] queue empty — nothing to post. Run pinterest_pipeline.py to refill.
/home/ianmcwherter/golden-home-project/automation/post_pinterest.py:120: DeprecationWarning: datetime.datetime.utcnow() is deprecated and scheduled for removal in a future version. Use timezone-aware objects to represent datetimes in UTC: datetime.datetime.now(datetime.UTC).
  today = dt.datetime.utcnow().strftime("%Y-%m-%d")
[pinterest] queue empty — nothing to post. Run pinterest_pipeline.py to refill.
  [skip] B09B126SSJ status=None — not ASIN-verified
  [skip] B075NS8YXG status=None — not ASIN-verified
  [skip] B08573DQ39 status=None — not ASIN-verified
  [skip] B0F29FLLJZ status=None — not ASIN-verified
  [skip] B0BFVSKX3M status=None — not ASIN-verified
  [skip] B0DZH3LX6Q status=None — not ASIN-verified
  [skip] B0FVW1TNH8 status=None — not ASIN-verified
  [skip] B073WD5KPX status=None — not ASIN-verified
  [skip] B0FFS5RBLC status=None — not ASIN-verified
  [skip] B0G1Y5BNZL status=None — not ASIN-verified
  [skip] B09SZ9T4MV status=None — not ASIN-verified
  [skip] B0DXKRFFGM status=None — not ASIN-verified
  [skip] B07QLQ3QP4 status=None — not ASIN-verified
  [skip] B0F1CGK144 status=None — not ASIN-verified
  [skip] B08ZK5WDWN status=None — not ASIN-verified
  [skip] B07SPXKNXN status=None — not ASIN-verified
  [skip] B0B715XDG1 status=None — not ASIN-verified
  [skip] 1612435688 status=None — not ASIN-verified
  [skip] B0CD1X9B1J status=None — not ASIN-verified
  [skip] B0F1MSZ34H status=None — not ASIN-verified
  [skip] B07T4N63TK status=None — not ASIN-verified
  [skip] B08LDD8HBW status=None — not ASIN-verified
  [skip] B0FDWLX8QP status=None — not ASIN-verified
  [skip] B08RJC5B74 status=None — not ASIN-verified
[pinterest] generated 0 new pin(s); queue now 26 total -> social/pinterest_queue.json
/home/ianmcwherter/golden-home-project/automation/post_pinterest.py:120: DeprecationWarning: datetime.datetime.utcnow() is deprecated and scheduled for removal in a future version. Use timezone-aware objects to represent datetimes in UTC: datetime.datetime.now(datetime.UTC).
  today = dt.datetime.utcnow().strftime("%Y-%m-%d")
[pinterest] queue empty — nothing to post. Run pinterest_pipeline.py to refill.
/home/ianmcwherter/golden-home-project/automation/post_pinterest.py:120: DeprecationWarning: datetime.datetime.utcnow() is deprecated and scheduled for removal in a future version. Use timezone-aware objects to represent datetimes in UTC: datetime.datetime.now(datetime.UTC).
  today = dt.datetime.utcnow().strftime("%Y-%m-%d")
[pinterest] queue empty — nothing to post. Run pinterest_pipeline.py to refill.
  [skip] B09B126SSJ status=None — not ASIN-verified
  [skip] B075NS8YXG status=None — not ASIN-verified
  [skip] B08573DQ39 status=None — not ASIN-verified
  [skip] B0F29FLLJZ status=None — not ASIN-verified
  [skip] B0BFVSKX3M status=None — not ASIN-verified
  [skip] B0DZH3LX6Q status=None — not ASIN-verified
  [skip] B0FVW1TNH8 status=None — not ASIN-verified
  [skip] B073WD5KPX status=None — not ASIN-verified
  [skip] B0FFS5RBLC status=None — not ASIN-verified
  [skip] B0G1Y5BNZL status=None — not ASIN-verified
  [skip] B09SZ9T4MV status=None — not ASIN-verified
  [skip] B0DXKRFFGM status=None — not ASIN-verified
  [skip] B07QLQ3QP4 status=None — not ASIN-verified
  [skip] B0F1CGK144 status=None — not ASIN-verified
  [skip] B08ZK5WDWN status=None — not ASIN-verified
  [skip] B07SPXKNXN status=None — not ASIN-verified
  [skip] B0B715XDG1 status=None — not ASIN-verified
  [skip] 1612435688 status=None — not ASIN-verified
  [skip] B0CD1X9B1J status=None — not ASIN-verified
  [skip] B0F1MSZ34H status=None — not ASIN-verified
  [skip] B07T4N63TK status=None — not ASIN-verified
  [skip] B08LDD8HBW status=None — not ASIN-verified
  [skip] B0FDWLX8QP status=None — not ASIN-verified
  [skip] B08RJC5B74 status=None — not ASIN-verified
[pinterest] generated 0 new pin(s); queue now 26 total -> social/pinterest_queue.json
/home/ianmcwherter/golden-home-project/automation/post_pinterest.py:120: DeprecationWarning: datetime.datetime.utcnow() is deprecated and scheduled for removal in a future version. Use timezone-aware objects to represent datetimes in UTC: datetime.datetime.now(datetime.UTC).
  today = dt.datetime.utcnow().strftime("%Y-%m-%d")
[pinterest] queue empty — nothing to post. Run pinterest_pipeline.py to refill.
/home/ianmcwherter/golden-home-project/automation/post_pinterest.py:120: DeprecationWarning: datetime.datetime.utcnow() is deprecated and scheduled for removal in a future version. Use timezone-aware objects to represent datetimes in UTC: datetime.datetime.now(datetime.UTC).
  today = dt.datetime.utcnow().strftime("%Y-%m-%d")
[pinterest] queue empty — nothing to post. Run pinterest_pipeline.py to refill.
  [skip] B09B126SSJ status=None — not ASIN-verified
  [skip] B075NS8YXG status=None — not ASIN-verified
  [skip] B08573DQ39 status=None — not ASIN-verified
  [skip] B0F29FLLJZ status=None — not ASIN-verified
  [skip] B0BFVSKX3M status=None — not ASIN-verified
  [skip] B0DZH3LX6Q status=None — not ASIN-verified
  [skip] B0FVW1TNH8 status=None — not ASIN-verified
  [skip] B073WD5KPX status=None — not ASIN-verified
  [skip] B0FFS5RBLC status=None — not ASIN-verified
  [skip] B0G1Y5BNZL status=None — not ASIN-verified
  [skip] B09SZ9T4MV status=None — not ASIN-verified
  [skip] B0DXKRFFGM status=None — not ASIN-verified
  [skip] B07QLQ3QP4 status=None — not ASIN-verified
  [skip] B0F1CGK144 status=None — not ASIN-verified
  [skip] B08ZK5WDWN status=None — not ASIN-verified
  [skip] B07SPXKNXN status=None — not ASIN-verified
  [skip] B0B715XDG1 status=None — not ASIN-verified
  [skip] 1612435688 status=None — not ASIN-verified
  [skip] B0CD1X9B1J status=None — not ASIN-verified
  [skip] B0F1MSZ34H status=None — not ASIN-verified
  [skip] B07T4N63TK status=None — not ASIN-verified
  [skip] B08LDD8HBW status=None — not ASIN-verified
  [skip] B0FDWLX8QP status=None — not ASIN-verified
  [skip] B08RJC5B74 status=None — not ASIN-verified
[pinterest] generated 0 new pin(s); queue now 26 total -> social/pinterest_queue.json
/home/ianmcwherter/golden-home-project/automation/post_pinterest.py:120: DeprecationWarning: datetime.datetime.utcnow() is deprecated and scheduled for removal in a future version. Use timezone-aware objects to represent datetimes in UTC: datetime.datetime.now(datetime.UTC).
  today = dt.datetime.utcnow().strftime("%Y-%m-%d")
[pinterest] queue empty — nothing to post. Run pinterest_pipeline.py to refill.
/home/ianmcwherter/golden-home-project/automation/post_pinterest.py:120: DeprecationWarning: datetime.datetime.utcnow() is deprecated and scheduled for removal in a future version. Use timezone-aware objects to represent datetimes in UTC: datetime.datetime.now(datetime.UTC).
  today = dt.datetime.utcnow().strftime("%Y-%m-%d")
[pinterest] queue empty — nothing to post. Run pinterest_pipeline.py to refill.
  [skip] B09B126SSJ status=None — not ASIN-verified
  [skip] B075NS8YXG status=None — not ASIN-verified
  [skip] B08573DQ39 status=None — not ASIN-verified
  [skip] B0F29FLLJZ status=None — not ASIN-verified
  [skip] B0BFVSKX3M status=None — not ASIN-verified
  [skip] B0DZH3LX6Q status=None — not ASIN-verified
  [skip] B0FVW1TNH8 status=None — not ASIN-verified
  [skip] B073WD5KPX status=None — not ASIN-verified
  [skip] B0FFS5RBLC status=None — not ASIN-verified
  [skip] B0G1Y5BNZL status=None — not ASIN-verified
  [skip] B09SZ9T4MV status=None — not ASIN-verified
  [skip] B0DXKRFFGM status=None — not ASIN-verified
  [skip] B07QLQ3QP4 status=None — not ASIN-verified
  [skip] B0F1CGK144 status=None — not ASIN-verified
  [skip] B08ZK5WDWN status=None — not ASIN-verified
  [skip] B07SPXKNXN status=None — not ASIN-verified
  [skip] B0B715XDG1 status=None — not ASIN-verified
  [skip] 1612435688 status=None — not ASIN-verified
  [skip] B0CD1X9B1J status=None — not ASIN-verified
  [skip] B0F1MSZ34H status=None — not ASIN-verified
  [skip] B07T4N63TK status=None — not ASIN-verified
  [skip] B08LDD8HBW status=None — not ASIN-verified
  [skip] B0FDWLX8QP status=None — not ASIN-verified
  [skip] B08RJC5B74 status=None — not ASIN-verified
[pinterest] generated 0 new pin(s); queue now 26 total -> social/pinterest_queue.json
/home/ianmcwherter/golden-home-project/automation/post_pinterest.py:120: DeprecationWarning: datetime.datetime.utcnow() is deprecated and scheduled for removal in a future version. Use timezone-aware objects to represent datetimes in UTC: datetime.datetime.now(datetime.UTC).
  today = dt.datetime.utcnow().strftime("%Y-%m-%d")
[pinterest] queue empty — nothing to post. Run pinterest_pipeline.py to refill.
/home/ianmcwherter/golden-home-project/automation/post_pinterest.py:120: DeprecationWarning: datetime.datetime.utcnow() is deprecated and scheduled for removal in a future version. Use timezone-aware objects to represent datetimes in UTC: datetime.datetime.now(datetime.UTC).
  today = dt.datetime.utcnow().strftime("%Y-%m-%d")
[pinterest] queue empty — nothing to post. Run pinterest_pipeline.py to refill.
  [skip] B09B126SSJ status=None — not ASIN-verified
  [skip] B075NS8YXG status=None — not ASIN-verified
  [skip] B08573DQ39 status=None — not ASIN-verified
  [skip] B0F29FLLJZ status=None — not ASIN-verified
  [skip] B0BFVSKX3M status=None — not ASIN-verified
  [skip] B0DZH3LX6Q status=None — not ASIN-verified
  [skip] B0FVW1TNH8 status=None — not ASIN-verified
  [skip] B073WD5KPX status=None — not ASIN-verified
  [skip] B0FFS5RBLC status=None — not ASIN-verified
  [skip] B0G1Y5BNZL status=None — not ASIN-verified
  [skip] B09SZ9T4MV status=None — not ASIN-verified
  [skip] B0DXKRFFGM status=None — not ASIN-verified
  [skip] B07QLQ3QP4 status=None — not ASIN-verified
  [skip] B0F1CGK144 status=None — not ASIN-verified
  [skip] B08ZK5WDWN status=None — not ASIN-verified
  [skip] B07SPXKNXN status=None — not ASIN-verified
  [skip] B0B715XDG1 status=None — not ASIN-verified
  [skip] 1612435688 status=None — not ASIN-verified
  [skip] B0CD1X9B1J status=None — not ASIN-verified
  [skip] B0F1MSZ34H status=None — not ASIN-verified
  [skip] B07T4N63TK status=None — not ASIN-verified
  [skip] B08LDD8HBW status=None — not ASIN-verified
  [skip] B0FDWLX8QP status=None — not ASIN-verified
  [skip] B08RJC5B74 status=None — not ASIN-verified
[pinterest] generated 0 new pin(s); queue now 26 total -> social/pinterest_queue.json
/home/ianmcwherter/golden-home-project/automation/post_pinterest.py:120: DeprecationWarning: datetime.datetime.utcnow() is deprecated and scheduled for removal in a future version. Use timezone-aware objects to represent datetimes in UTC: datetime.datetime.now(datetime.UTC).
  today = dt.datetime.utcnow().strftime("%Y-%m-%d")
[pinterest] queue empty — nothing to post. Run pinterest_pipeline.py to refill.
/home/ianmcwherter/golden-home-project/automation/post_pinterest.py:120: DeprecationWarning: datetime.datetime.utcnow() is deprecated and scheduled for removal in a future version. Use timezone-aware objects to represent datetimes in UTC: datetime.datetime.now(datetime.UTC).
  today = dt.datetime.utcnow().strftime("%Y-%m-%d")
[pinterest] queue empty — nothing to post. Run pinterest_pipeline.py to refill.
  [skip] B09B126SSJ status=None — not ASIN-verified
  [skip] B075NS8YXG status=None — not ASIN-verified
  [skip] B08573DQ39 status=None — not ASIN-verified
  [skip] B0F29FLLJZ status=None — not ASIN-verified
  [skip] B0BFVSKX3M status=None — not ASIN-verified
  [skip] B0DZH3LX6Q status=None — not ASIN-verified
  [skip] B0FVW1TNH8 status=None — not ASIN-verified
  [skip] B073WD5KPX status=None — not ASIN-verified
  [skip] B0FFS5RBLC status=None — not ASIN-verified
  [skip] B0G1Y5BNZL status=None — not ASIN-verified
  [skip] B09SZ9T4MV status=None — not ASIN-verified
  [skip] B0DXKRFFGM status=None — not ASIN-verified
  [skip] B07QLQ3QP4 status=None — not ASIN-verified
  [skip] B0F1CGK144 status=None — not ASIN-verified
  [skip] B08ZK5WDWN status=None — not ASIN-verified
  [skip] B07SPXKNXN status=None — not ASIN-verified
  [skip] B0B715XDG1 status=None — not ASIN-verified
  [skip] 1612435688 status=None — not ASIN-verified
  [skip] B0CD1X9B1J status=None — not ASIN-verified
  [skip] B0F1MSZ34H status=None — not ASIN-verified
  [skip] B07T4N63TK status=None — not ASIN-verified
  [skip] B08LDD8HBW status=None — not ASIN-verified
  [skip] B0FDWLX8QP status=None — not ASIN-verified
  [skip] B08RJC5B74 status=None — not ASIN-verified
[pinterest] generated 0 new pin(s); queue now 26 total -> social/pinterest_queue.json
/home/ianmcwherter/golden-home-project/automation/post_pinterest.py:120: DeprecationWarning: datetime.datetime.utcnow() is deprecated and scheduled for removal in a future version. Use timezone-aware objects to represent datetimes in UTC: datetime.datetime.now(datetime.UTC).
  today = dt.datetime.utcnow().strftime("%Y-%m-%d")
[pinterest] queue empty — nothing to post. Run pinterest_pipeline.py to refill.
/home/ianmcwherter/golden-home-project/automation/post_pinterest.py:120: DeprecationWarning: datetime.datetime.utcnow() is deprecated and scheduled for removal in a future version. Use timezone-aware objects to represent datetimes in UTC: datetime.datetime.now(datetime.UTC).
  today = dt.datetime.utcnow().strftime("%Y-%m-%d")
[pinterest] queue empty — nothing to post. Run pinterest_pipeline.py to refill.
  [skip] B09B126SSJ status=None — not ASIN-verified
  [skip] B075NS8YXG status=None — not ASIN-verified
  [skip] B08573DQ39 status=None — not ASIN-verified
  [skip] B0F29FLLJZ status=None — not ASIN-verified
  [skip] B0BFVSKX3M status=None — not ASIN-verified
  [skip] B0DZH3LX6Q status=None — not ASIN-verified
  [skip] B0FVW1TNH8 status=None — not ASIN-verified
  [skip] B073WD5KPX status=None — not ASIN-verified
  [skip] B0FFS5RBLC status=None — not ASIN-verified
  [skip] B0G1Y5BNZL status=None — not ASIN-verified
  [skip] B09SZ9T4MV status=None — not ASIN-verified
  [skip] B0DXKRFFGM status=None — not ASIN-verified
  [skip] B07QLQ3QP4 status=None — not ASIN-verified
  [skip] B0F1CGK144 status=None — not ASIN-verified
  [skip] B08ZK5WDWN status=None — not ASIN-verified
  [skip] B07SPXKNXN status=None — not ASIN-verified
  [skip] B0B715XDG1 status=None — not ASIN-verified
  [skip] 1612435688 status=None — not ASIN-verified
  [skip] B0CD1X9B1J status=None — not ASIN-verified
  [skip] B0F1MSZ34H status=None — not ASIN-verified
  [skip] B07T4N63TK status=None — not ASIN-verified
  [skip] B08LDD8HBW status=None — not ASIN-verified
  [skip] B0FDWLX8QP status=None — not ASIN-verified
  [skip] B08RJC5B74 status=None — not ASIN-verified
[pinterest] generated 0 new pin(s); queue now 26 total -> social/pinterest_queue.json
/home/ianmcwherter/golden-home-project/automation/post_pinterest.py:120: DeprecationWarning: datetime.datetime.utcnow() is deprecated and scheduled for removal in a future version. Use timezone-aware objects to represent datetimes in UTC: datetime.datetime.now(datetime.UTC).
  today = dt.datetime.utcnow().strftime("%Y-%m-%d")
[pinterest] queue empty — nothing to post. Run pinterest_pipeline.py to refill.
/home/ianmcwherter/golden-home-project/automation/post_pinterest.py:120: DeprecationWarning: datetime.datetime.utcnow() is deprecated and scheduled for removal in a future version. Use timezone-aware objects to represent datetimes in UTC: datetime.datetime.now(datetime.UTC).
  today = dt.datetime.utcnow().strftime("%Y-%m-%d")
[pinterest] queue empty — nothing to post. Run pinterest_pipeline.py to refill.
  [skip] B09B126SSJ status=None — not ASIN-verified
  [skip] B075NS8YXG status=None — not ASIN-verified
  [skip] B08573DQ39 status=None — not ASIN-verified
  [skip] B0F29FLLJZ status=None — not ASIN-verified
  [skip] B0BFVSKX3M status=None — not ASIN-verified
  [skip] B0DZH3LX6Q status=None — not ASIN-verified
  [skip] B0FVW1TNH8 status=None — not ASIN-verified
  [skip] B073WD5KPX status=None — not ASIN-verified
  [skip] B0FFS5RBLC status=None — not ASIN-verified
  [skip] B0G1Y5BNZL status=None — not ASIN-verified
  [skip] B09SZ9T4MV status=None — not ASIN-verified
  [skip] B0DXKRFFGM status=None — not ASIN-verified
  [skip] B07QLQ3QP4 status=None — not ASIN-verified
  [skip] B0F1CGK144 status=None — not ASIN-verified
  [skip] B08ZK5WDWN status=None — not ASIN-verified
  [skip] B07SPXKNXN status=None — not ASIN-verified
  [skip] B0B715XDG1 status=None — not ASIN-verified
  [skip] 1612435688 status=None — not ASIN-verified
  [skip] B0CD1X9B1J status=None — not ASIN-verified
  [skip] B0F1MSZ34H status=None — not ASIN-verified
  [skip] B07T4N63TK status=None — not ASIN-verified
  [skip] B08LDD8HBW status=None — not ASIN-verified
  [skip] B0FDWLX8QP status=None — not ASIN-verified
  [skip] B08RJC5B74 status=None — not ASIN-verified
[pinterest] generated 0 new pin(s); queue now 26 total -> social/pinterest_queue.json
/home/ianmcwherter/golden-home-project/automation/post_pinterest.py:120: DeprecationWarning: datetime.datetime.utcnow() is deprecated and scheduled for removal in a future version. Use timezone-aware objects to represent datetimes in UTC: datetime.datetime.now(datetime.UTC).
  today = dt.datetime.utcnow().strftime("%Y-%m-%d")
[pinterest] queue empty — nothing to post. Run pinterest_pipeline.py to refill.
/home/ianmcwherter/golden-home-project/automation/post_pinterest.py:120: DeprecationWarning: datetime.datetime.utcnow() is deprecated and scheduled for removal in a future version. Use timezone-aware objects to represent datetimes in UTC: datetime.datetime.now(datetime.UTC).
  today = dt.datetime.utcnow().strftime("%Y-%m-%d")
[pinterest] queue empty — nothing to post. Run pinterest_pipeline.py to refill.
  [skip] B09B126SSJ status=None — not ASIN-verified
  [skip] B075NS8YXG status=None — not ASIN-verified
  [skip] B08573DQ39 status=None — not ASIN-verified
  [skip] B0F29FLLJZ status=None — not ASIN-verified
  [skip] B0BFVSKX3M status=None — not ASIN-verified
  [skip] B0DZH3LX6Q status=None — not ASIN-verified
  [skip] B0FVW1TNH8 status=None — not ASIN-verified
  [skip] B073WD5KPX status=None — not ASIN-verified
  [skip] B0FFS5RBLC status=None — not ASIN-verified
  [skip] B0G1Y5BNZL status=None — not ASIN-verified
  [skip] B09SZ9T4MV status=None — not ASIN-verified
  [skip] B0DXKRFFGM status=None — not ASIN-verified
  [skip] B07QLQ3QP4 status=None — not ASIN-verified
  [skip] B0F1CGK144 status=None — not ASIN-verified
  [skip] B08ZK5WDWN status=None — not ASIN-verified
  [skip] B07SPXKNXN status=None — not ASIN-verified
  [skip] B0B715XDG1 status=None — not ASIN-verified
  [skip] 1612435688 status=None — not ASIN-verified
  [skip] B0CD1X9B1J status=None — not ASIN-verified
  [skip] B0F1MSZ34H status=None — not ASIN-verified
  [skip] B07T4N63TK status=None — not ASIN-verified
  [skip] B08LDD8HBW status=None — not ASIN-verified
  [skip] B0FDWLX8QP status=None — not ASIN-verified
  [skip] B08RJC5B74 status=None — not ASIN-verified
[pinterest] generated 0 new pin(s); queue now 26 total -> social/pinterest_queue.json
/home/ianmcwherter/golden-home-project/automation/post_pinterest.py:120: DeprecationWarning: datetime.datetime.utcnow() is deprecated and scheduled for removal in a future version. Use timezone-aware objects to represent datetimes in UTC: datetime.datetime.now(datetime.UTC).
  today = dt.datetime.utcnow().strftime("%Y-%m-%d")
[pinterest] queue empty — nothing to post. Run pinterest_pipeline.py to refill.
/home/ianmcwherter/golden-home-project/automation/post_pinterest.py:120: DeprecationWarning: datetime.datetime.utcnow() is deprecated and scheduled for removal in a future version. Use timezone-aware objects to represent datetimes in UTC: datetime.datetime.now(datetime.UTC).
  today = dt.datetime.utcnow().strftime("%Y-%m-%d")
[pinterest] queue empty — nothing to post. Run pinterest_pipeline.py to refill.
  [skip] B09B126SSJ status=None — not ASIN-verified
  [skip] B075NS8YXG status=None — not ASIN-verified
  [skip] B08573DQ39 status=None — not ASIN-verified
  [skip] B0F29FLLJZ status=None — not ASIN-verified
  [skip] B0BFVSKX3M status=None — not ASIN-verified
  [skip] B0DZH3LX6Q status=None — not ASIN-verified
  [skip] B0FVW1TNH8 status=None — not ASIN-verified
  [skip] B073WD5KPX status=None — not ASIN-verified
  [skip] B0FFS5RBLC status=None — not ASIN-verified
  [skip] B0G1Y5BNZL status=None — not ASIN-verified
  [skip] B09SZ9T4MV status=None — not ASIN-verified
  [skip] B0DXKRFFGM status=None — not ASIN-verified
  [skip] B07QLQ3QP4 status=None — not ASIN-verified
  [skip] B0F1CGK144 status=None — not ASIN-verified
  [skip] B08ZK5WDWN status=None — not ASIN-verified
  [skip] B07SPXKNXN status=None — not ASIN-verified
  [skip] B0B715XDG1 status=None — not ASIN-verified
  [skip] 1612435688 status=None — not ASIN-verified
  [skip] B0CD1X9B1J status=None — not ASIN-verified
  [skip] B0F1MSZ34H status=None — not ASIN-verified
  [skip] B07T4N63TK status=None — not ASIN-verified
  [skip] B08LDD8HBW status=None — not ASIN-verified
  [skip] B0FDWLX8QP status=None — not ASIN-verified
  [skip] B08RJC5B74 status=None — not ASIN-verified
[pinterest] generated 0 new pin(s); queue now 26 total -> social/pinterest_queue.json
/home/ianmcwherter/golden-home-project/automation/post_pinterest.py:120: DeprecationWarning: datetime.datetime.utcnow() is deprecated and scheduled for removal in a future version. Use timezone-aware objects to represent datetimes in UTC: datetime.datetime.now(datetime.UTC).
  today = dt.datetime.utcnow().strftime("%Y-%m-%d")
[pinterest] queue empty — nothing to post. Run pinterest_pipeline.py to refill.
/home/ianmcwherter/golden-home-project/automation/post_pinterest.py:120: DeprecationWarning: datetime.datetime.utcnow() is deprecated and scheduled for removal in a future version. Use timezone-aware objects to represent datetimes in UTC: datetime.datetime.now(datetime.UTC).
  today = dt.datetime.utcnow().strftime("%Y-%m-%d")
[pinterest] queue empty — nothing to post. Run pinterest_pipeline.py to refill.
  [skip] B09B126SSJ status=None — not ASIN-verified
  [skip] B075NS8YXG status=None — not ASIN-verified
  [skip] B08573DQ39 status=None — not ASIN-verified
  [skip] B0F29FLLJZ status=None — not ASIN-verified
  [skip] B0BFVSKX3M status=None — not ASIN-verified
  [skip] B0DZH3LX6Q status=None — not ASIN-verified
  [skip] B0FVW1TNH8 status=None — not ASIN-verified
  [skip] B073WD5KPX status=None — not ASIN-verified
  [skip] B0FFS5RBLC status=None — not ASIN-verified
  [skip] B0G1Y5BNZL status=None — not ASIN-verified
  [skip] B09SZ9T4MV status=None — not ASIN-verified
  [skip] B0DXKRFFGM status=None — not ASIN-verified
  [skip] B07QLQ3QP4 status=None — not ASIN-verified
  [skip] B0F1CGK144 status=None — not ASIN-verified
  [skip] B08ZK5WDWN status=None — not ASIN-verified
  [skip] B07SPXKNXN status=None — not ASIN-verified
  [skip] B0B715XDG1 status=None — not ASIN-verified
  [skip] 1612435688 status=None — not ASIN-verified
  [skip] B0CD1X9B1J status=None — not ASIN-verified
  [skip] B0F1MSZ34H status=None — not ASIN-verified
  [skip] B07T4N63TK status=None — not ASIN-verified
  [skip] B08LDD8HBW status=None — not ASIN-verified
  [skip] B0FDWLX8QP status=None — not ASIN-verified
  [skip] B08RJC5B74 status=None — not ASIN-verified
[pinterest] generated 0 new pin(s); queue now 26 total -> social/pinterest_queue.json
/home/ianmcwherter/golden-home-project/automation/post_pinterest.py:120: DeprecationWarning: datetime.datetime.utcnow() is deprecated and scheduled for removal in a future version. Use timezone-aware objects to represent datetimes in UTC: datetime.datetime.now(datetime.UTC).
  today = dt.datetime.utcnow().strftime("%Y-%m-%d")
[pinterest] queue empty — nothing to post. Run pinterest_pipeline.py to refill.
/home/ianmcwherter/golden-home-project/automation/post_pinterest.py:120: DeprecationWarning: datetime.datetime.utcnow() is deprecated and scheduled for removal in a future version. Use timezone-aware objects to represent datetimes in UTC: datetime.datetime.now(datetime.UTC).
  today = dt.datetime.utcnow().strftime("%Y-%m-%d")
[pinterest] queue empty — nothing to post. Run pinterest_pipeline.py to refill.
  [skip] B09B126SSJ status=None — not ASIN-verified
  [skip] B075NS8YXG status=None — not ASIN-verified
  [skip] B08573DQ39 status=None — not ASIN-verified
  [skip] B0F29FLLJZ status=None — not ASIN-verified
  [skip] B0BFVSKX3M status=None — not ASIN-verified
  [skip] B0DZH3LX6Q status=None — not ASIN-verified
  [skip] B0FVW1TNH8 status=None — not ASIN-verified
  [skip] B073WD5KPX status=None — not ASIN-verified
  [skip] B0FFS5RBLC status=None — not ASIN-verified
  [skip] B0G1Y5BNZL status=None — not ASIN-verified
  [skip] B09SZ9T4MV status=None — not ASIN-verified
  [skip] B0DXKRFFGM status=None — not ASIN-verified
  [skip] B07QLQ3QP4 status=None — not ASIN-verified
  [skip] B0F1CGK144 status=None — not ASIN-verified
  [skip] B08ZK5WDWN status=None — not ASIN-verified
  [skip] B07SPXKNXN status=None — not ASIN-verified
  [skip] B0B715XDG1 status=None — not ASIN-verified
  [skip] 1612435688 status=None — not ASIN-verified
  [skip] B0CD1X9B1J status=None — not ASIN-verified
  [skip] B0F1MSZ34H status=None — not ASIN-verified
  [skip] B07T4N63TK status=None — not ASIN-verified
  [skip] B08LDD8HBW status=None — not ASIN-verified
  [skip] B0FDWLX8QP status=None — not ASIN-verified
  [skip] B08RJC5B74 status=None — not ASIN-verified
[pinterest] generated 0 new pin(s); queue now 26 total -> social/pinterest_queue.json
/home/ianmcwherter/golden-home-project/automation/post_pinterest.py:120: DeprecationWarning: datetime.datetime.utcnow() is deprecated and scheduled for removal in a future version. Use timezone-aware objects to represent datetimes in UTC: datetime.datetime.now(datetime.UTC).
  today = dt.datetime.utcnow().strftime("%Y-%m-%d")
[pinterest] queue empty — nothing to post. Run pinterest_pipeline.py to refill.
/home/ianmcwherter/golden-home-project/automation/post_pinterest.py:120: DeprecationWarning: datetime.datetime.utcnow() is deprecated and scheduled for removal in a future version. Use timezone-aware objects to represent datetimes in UTC: datetime.datetime.now(datetime.UTC).
  today = dt.datetime.utcnow().strftime("%Y-%m-%d")
[pinterest] queue empty — nothing to post. Run pinterest_pipeline.py to refill.
  [skip] B09B126SSJ status=None — not ASIN-verified
  [skip] B075NS8YXG status=None — not ASIN-verified
  [skip] B08573DQ39 status=None — not ASIN-verified
  [skip] B0F29FLLJZ status=None — not ASIN-verified
  [skip] B0BFVSKX3M status=None — not ASIN-verified
  [skip] B0DZH3LX6Q status=None — not ASIN-verified
  [skip] B0FVW1TNH8 status=None — not ASIN-verified
  [skip] B073WD5KPX status=None — not ASIN-verified
  [skip] B0FFS5RBLC status=None — not ASIN-verified
  [skip] B0G1Y5BNZL status=None — not ASIN-verified
  [skip] B09SZ9T4MV status=None — not ASIN-verified
  [skip] B0DXKRFFGM status=None — not ASIN-verified
  [skip] B07QLQ3QP4 status=None — not ASIN-verified
  [skip] B0F1CGK144 status=None — not ASIN-verified
  [skip] B08ZK5WDWN status=None — not ASIN-verified
  [skip] B07SPXKNXN status=None — not ASIN-verified
  [skip] B0B715XDG1 status=None — not ASIN-verified
  [skip] 1612435688 status=None — not ASIN-verified
  [skip] B0CD1X9B1J status=None — not ASIN-verified
  [skip] B0F1MSZ34H status=None — not ASIN-verified
  [skip] B07T4N63TK status=None — not ASIN-verified
  [skip] B08LDD8HBW status=None — not ASIN-verified
  [skip] B0FDWLX8QP status=None — not ASIN-verified
  [skip] B08RJC5B74 status=None — not ASIN-verified
[pinterest] generated 0 new pin(s); queue now 26 total -> social/pinterest_queue.json
/home/ianmcwherter/golden-home-project/automation/post_pinterest.py:120: DeprecationWarning: datetime.datetime.utcnow() is deprecated and scheduled for removal in a future version. Use timezone-aware objects to represent datetimes in UTC: datetime.datetime.now(datetime.UTC).
  today = dt.datetime.utcnow().strftime("%Y-%m-%d")
[pinterest] queue empty — nothing to post. Run pinterest_pipeline.py to refill.
/home/ianmcwherter/golden-home-project/automation/post_pinterest.py:120: DeprecationWarning: datetime.datetime.utcnow() is deprecated and scheduled for removal in a future version. Use timezone-aware objects to represent datetimes in UTC: datetime.datetime.now(datetime.UTC).
  today = dt.datetime.utcnow().strftime("%Y-%m-%d")
[pinterest] queue empty — nothing to post. Run pinterest_pipeline.py to refill.
  [skip] B09B126SSJ status=None — not ASIN-verified
  [skip] B075NS8YXG status=None — not ASIN-verified
  [skip] B08573DQ39 status=None — not ASIN-verified
  [skip] B0F29FLLJZ status=None — not ASIN-verified
  [skip] B0BFVSKX3M status=None — not ASIN-verified
  [skip] B0DZH3LX6Q status=None — not ASIN-verified
  [skip] B0FVW1TNH8 status=None — not ASIN-verified
  [skip] B073WD5KPX status=None — not ASIN-verified
  [skip] B0FFS5RBLC status=None — not ASIN-verified
  [skip] B0G1Y5BNZL status=None — not ASIN-verified
  [skip] B09SZ9T4MV status=None — not ASIN-verified
  [skip] B0DXKRFFGM status=None — not ASIN-verified
  [skip] B07QLQ3QP4 status=None — not ASIN-verified
  [skip] B0F1CGK144 status=None — not ASIN-verified
  [skip] B08ZK5WDWN status=None — not ASIN-verified
  [skip] B07SPXKNXN status=None — not ASIN-verified
  [skip] B0B715XDG1 status=None — not ASIN-verified
  [skip] 1612435688 status=None — not ASIN-verified
  [skip] B0CD1X9B1J status=None — not ASIN-verified
  [skip] B0F1MSZ34H status=None — not ASIN-verified
  [skip] B07T4N63TK status=None — not ASIN-verified
  [skip] B08LDD8HBW status=None — not ASIN-verified
  [skip] B0FDWLX8QP status=None — not ASIN-verified
  [skip] B08RJC5B74 status=None — not ASIN-verified
[pinterest] generated 0 new pin(s); queue now 26 total -> social/pinterest_queue.json
/home/ianmcwherter/golden-home-project/automation/post_pinterest.py:120: DeprecationWarning: datetime.datetime.utcnow() is deprecated and scheduled for removal in a future version. Use timezone-aware objects to represent datetimes in UTC: datetime.datetime.now(datetime.UTC).
  today = dt.datetime.utcnow().strftime("%Y-%m-%d")
[pinterest] queue empty — nothing to post. Run pinterest_pipeline.py to refill.
/home/ianmcwherter/golden-home-project/automation/post_pinterest.py:120: DeprecationWarning: datetime.datetime.utcnow() is deprecated and scheduled for removal in a future version. Use timezone-aware objects to represent datetimes in UTC: datetime.datetime.now(datetime.UTC).
  today = dt.datetime.utcnow().strftime("%Y-%m-%d")
[pinterest] queue empty — nothing to post. Run pinterest_pipeline.py to refill.
  [skip] B09B126SSJ status=None — not ASIN-verified
  [skip] B075NS8YXG status=None — not ASIN-verified
  [skip] B08573DQ39 status=None — not ASIN-verified
  [skip] B0F29FLLJZ status=None — not ASIN-verified
  [skip] B0BFVSKX3M status=None — not ASIN-verified
  [skip] B0DZH3LX6Q status=None — not ASIN-verified
  [skip] B0FVW1TNH8 status=None — not ASIN-verified
  [skip] B073WD5KPX status=None — not ASIN-verified
  [skip] B0FFS5RBLC status=None — not ASIN-verified
  [skip] B0G1Y5BNZL status=None — not ASIN-verified
  [skip] B09SZ9T4MV status=None — not ASIN-verified
  [skip] B0DXKRFFGM status=None — not ASIN-verified
  [skip] B07QLQ3QP4 status=None — not ASIN-verified
  [skip] B0F1CGK144 status=None — not ASIN-verified
  [skip] B08ZK5WDWN status=None — not ASIN-verified
  [skip] B07SPXKNXN status=None — not ASIN-verified
  [skip] B0B715XDG1 status=None — not ASIN-verified
  [skip] 1612435688 status=None — not ASIN-verified
  [skip] B0CD1X9B1J status=None — not ASIN-verified
  [skip] B0F1MSZ34H status=None — not ASIN-verified
  [skip] B07T4N63TK status=None — not ASIN-verified
  [skip] B08LDD8HBW status=None — not ASIN-verified
  [skip] B0FDWLX8QP status=None — not ASIN-verified
  [skip] B08RJC5B74 status=None — not ASIN-verified
[pinterest] generated 0 new pin(s); queue now 26 total -> social/pinterest_queue.json
/home/ianmcwherter/golden-home-project/automation/post_pinterest.py:120: DeprecationWarning: datetime.datetime.utcnow() is deprecated and scheduled for removal in a future version. Use timezone-aware objects to represent datetimes in UTC: datetime.datetime.now(datetime.UTC).
  today = dt.datetime.utcnow().strftime("%Y-%m-%d")
[pinterest] queue empty — nothing to post. Run pinterest_pipeline.py to refill.
/home/ianmcwherter/golden-home-project/automation/post_pinterest.py:120: DeprecationWarning: datetime.datetime.utcnow() is deprecated and scheduled for removal in a future version. Use timezone-aware objects to represent datetimes in UTC: datetime.datetime.now(datetime.UTC).
  today = dt.datetime.utcnow().strftime("%Y-%m-%d")
[pinterest] queue empty — nothing to post. Run pinterest_pipeline.py to refill.
  [skip] B09B126SSJ status=None — not ASIN-verified
  [skip] B075NS8YXG status=None — not ASIN-verified
  [skip] B08573DQ39 status=None — not ASIN-verified
  [skip] B0F29FLLJZ status=None — not ASIN-verified
  [skip] B0BFVSKX3M status=None — not ASIN-verified
  [skip] B0DZH3LX6Q status=None — not ASIN-verified
  [skip] B0FVW1TNH8 status=None — not ASIN-verified
  [skip] B073WD5KPX status=None — not ASIN-verified
  [skip] B0FFS5RBLC status=None — not ASIN-verified
  [skip] B0G1Y5BNZL status=None — not ASIN-verified
  [skip] B09SZ9T4MV status=None — not ASIN-verified
  [skip] B0DXKRFFGM status=None — not ASIN-verified
  [skip] B07QLQ3QP4 status=None — not ASIN-verified
  [skip] B0F1CGK144 status=None — not ASIN-verified
  [skip] B08ZK5WDWN status=None — not ASIN-verified
  [skip] B07SPXKNXN status=None — not ASIN-verified
  [skip] B0B715XDG1 status=None — not ASIN-verified
  [skip] 1612435688 status=None — not ASIN-verified
  [skip] B0CD1X9B1J status=None — not ASIN-verified
  [skip] B0F1MSZ34H status=None — not ASIN-verified
  [skip] B07T4N63TK status=None — not ASIN-verified
  [skip] B08LDD8HBW status=None — not ASIN-verified
  [skip] B0FDWLX8QP status=None — not ASIN-verified
  [skip] B08RJC5B74 status=None — not ASIN-verified
[pinterest] generated 0 new pin(s); queue now 26 total -> social/pinterest_queue.json
/home/ianmcwherter/golden-home-project/automation/post_pinterest.py:120: DeprecationWarning: datetime.datetime.utcnow() is deprecated and scheduled for removal in a future version. Use timezone-aware objects to represent datetimes in UTC: datetime.datetime.now(datetime.UTC).
  today = dt.datetime.utcnow().strftime("%Y-%m-%d")
[pinterest] queue empty — nothing to post. Run pinterest_pipeline.py to refill.
/home/ianmcwherter/golden-home-project/automation/post_pinterest.py:120: DeprecationWarning: datetime.datetime.utcnow() is deprecated and scheduled for removal in a future version. Use timezone-aware objects to represent datetimes in UTC: datetime.datetime.now(datetime.UTC).
  today = dt.datetime.utcnow().strftime("%Y-%m-%d")
[pinterest] queue empty — nothing to post. Run pinterest_pipeline.py to refill.
  [skip] B09B126SSJ status=None — not ASIN-verified
  [skip] B075NS8YXG status=None — not ASIN-verified
  [skip] B08573DQ39 status=None — not ASIN-verified
  [skip] B0F29FLLJZ status=None — not ASIN-verified
  [skip] B0BFVSKX3M status=None — not ASIN-verified
  [skip] B0DZH3LX6Q status=None — not ASIN-verified
  [skip] B0FVW1TNH8 status=None — not ASIN-verified
  [skip] B073WD5KPX status=None — not ASIN-verified
  [skip] B0FFS5RBLC status=None — not ASIN-verified
  [skip] B0G1Y5BNZL status=None — not ASIN-verified
  [skip] B09SZ9T4MV status=None — not ASIN-verified
  [skip] B0DXKRFFGM status=None — not ASIN-verified
  [skip] B07QLQ3QP4 status=None — not ASIN-verified
  [skip] B0F1CGK144 status=None — not ASIN-verified
  [skip] B08ZK5WDWN status=None — not ASIN-verified
  [skip] B07SPXKNXN status=None — not ASIN-verified
  [skip] B0B715XDG1 status=None — not ASIN-verified
  [skip] 1612435688 status=None — not ASIN-verified
  [skip] B0CD1X9B1J status=None — not ASIN-verified
  [skip] B0F1MSZ34H status=None — not ASIN-verified
  [skip] B07T4N63TK status=None — not ASIN-verified
  [skip] B08LDD8HBW status=None — not ASIN-verified
  [skip] B0FDWLX8QP status=None — not ASIN-verified
  [skip] B08RJC5B74 status=None — not ASIN-verified
[pinterest] generated 0 new pin(s); queue now 26 total -> social/pinterest_queue.json
/home/ianmcwherter/golden-home-project/automation/post_pinterest.py:120: DeprecationWarning: datetime.datetime.utcnow() is deprecated and scheduled for removal in a future version. Use timezone-aware objects to represent datetimes in UTC: datetime.datetime.now(datetime.UTC).
  today = dt.datetime.utcnow().strftime("%Y-%m-%d")
[pinterest] queue empty — nothing to post. Run pinterest_pipeline.py to refill.
/home/ianmcwherter/golden-home-project/automation/post_pinterest.py:120: DeprecationWarning: datetime.datetime.utcnow() is deprecated and scheduled for removal in a future version. Use timezone-aware objects to represent datetimes in UTC: datetime.datetime.now(datetime.UTC).
  today = dt.datetime.utcnow().strftime("%Y-%m-%d")
[pinterest] queue empty — nothing to post. Run pinterest_pipeline.py to refill.
  [skip] B09B126SSJ status=None — not ASIN-verified
  [skip] B075NS8YXG status=None — not ASIN-verified
  [skip] B08573DQ39 status=None — not ASIN-verified
  [skip] B0F29FLLJZ status=None — not ASIN-verified
  [skip] B0BFVSKX3M status=None — not ASIN-verified
  [skip] B0DZH3LX6Q status=None — not ASIN-verified
  [skip] B0FVW1TNH8 status=None — not ASIN-verified
  [skip] B073WD5KPX status=None — not ASIN-verified
  [skip] B0FFS5RBLC status=None — not ASIN-verified
  [skip] B0G1Y5BNZL status=None — not ASIN-verified
  [skip] B09SZ9T4MV status=None — not ASIN-verified
  [skip] B0DXKRFFGM status=None — not ASIN-verified
  [skip] B07QLQ3QP4 status=None — not ASIN-verified
  [skip] B0F1CGK144 status=None — not ASIN-verified
  [skip] B08ZK5WDWN status=None — not ASIN-verified
  [skip] B07SPXKNXN status=None — not ASIN-verified
  [skip] B0B715XDG1 status=None — not ASIN-verified
  [skip] 1612435688 status=None — not ASIN-verified
  [skip] B0CD1X9B1J status=None — not ASIN-verified
  [skip] B0F1MSZ34H status=None — not ASIN-verified
  [skip] B07T4N63TK status=None — not ASIN-verified
  [skip] B08LDD8HBW status=None — not ASIN-verified
  [skip] B0FDWLX8QP status=None — not ASIN-verified
  [skip] B08RJC5B74 status=None — not ASIN-verified
[pinterest] generated 0 new pin(s); queue now 26 total -> social/pinterest_queue.json
[agent-log] Pushed entry for Pinterest Pipeline
  [skip] B09B126SSJ status='dead' — not ASIN-verified
  [skip] B075NS8YXG status='dead' — not ASIN-verified
  [skip] B08573DQ39 status='dead' — not ASIN-verified
  [skip] B0F29FLLJZ status='dead' — not ASIN-verified
  [claude] copy failed (claude CLI failed (rc=1): Failed to authenticate. API Error: 401 OAuth access token has expired. Re-authenticate to continue.); using template
  [pexels] key sha256[:8]=c788d83a
  [pexels] hit 'minimal organized home' -> bg-2026-07-25-B0FFS5RBLC.jpg
  [pin] B0FFS5RBLC board='Home Organization Finds' link=amazon -> social/pinterest/pin-2026-07-25-B0FFS5RBLC.png
  [claude] copy failed (claude CLI failed (rc=1): Failed to authenticate. API Error: 401 OAuth access token has expired. Re-authenticate to continue.); using template
  [pexels] key sha256[:8]=c788d83a
  [pexels] hit 'cozy patio furniture set' -> bg-2026-07-25-B0G1Y5BNZL.jpg
  [pin] B0G1Y5BNZL board='Outdoor & Patio' link=amazon -> social/pinterest/pin-2026-07-25-B0G1Y5BNZL.png
  [claude] copy failed (claude CLI failed (rc=1): Failed to authenticate. API Error: 401 OAuth access token has expired. Re-authenticate to continue.); using template
  [pexels] key sha256[:8]=c788d83a
  [pexels] hit 'minimal organized home' -> bg-2026-07-25-B09SZ9T4MV.jpg
  [pin] B09SZ9T4MV board='Home Organization Finds' link=amazon -> social/pinterest/pin-2026-07-25-B09SZ9T4MV.png
  [claude] copy failed (claude CLI failed (rc=1): Failed to authenticate. API Error: 401 OAuth access token has expired. Re-authenticate to continue.); using template
  [pexels] key sha256[:8]=c788d83a
  [pexels] hit 'minimal organized home' -> bg-2026-07-25-B0DXKRFFGM.jpg
  [pin] B0DXKRFFGM board='Home Organization Finds' link=amazon -> social/pinterest/pin-2026-07-25-B0DXKRFFGM.png
[pinterest] generated 4 new pin(s); queue now 34 total -> social/pinterest_queue.json
/home/ianmcwherter/golden-home-project/automation/post_pinterest.py:120: DeprecationWarning: datetime.datetime.utcnow() is deprecated and scheduled for removal in a future version. Use timezone-aware objects to represent datetimes in UTC: datetime.datetime.now(datetime.UTC).
  today = dt.datetime.utcnow().strftime("%Y-%m-%d")
[pinterest] daily cap (1) reached; 7 still pending.
/home/ianmcwherter/golden-home-project/automation/post_pinterest.py:120: DeprecationWarning: datetime.datetime.utcnow() is deprecated and scheduled for removal in a future version. Use timezone-aware objects to represent datetimes in UTC: datetime.datetime.now(datetime.UTC).
  today = dt.datetime.utcnow().strftime("%Y-%m-%d")
/home/ianmcwherter/golden-home-project/automation/post_pinterest.py:70: DeprecationWarning: datetime.datetime.utcnow() is deprecated and scheduled for removal in a future version. Use timezone-aware objects to represent datetimes in UTC: datetime.datetime.now(datetime.UTC).
  e = {"ts": dt.datetime.utcnow().strftime("%Y-%m-%dT%H:%M:%SZ"),
/home/ianmcwherter/golden-home-project/automation/post_pinterest.py:88: DeprecationWarning: datetime.datetime.utcnow() is deprecated and scheduled for removal in a future version. Use timezone-aware objects to represent datetimes in UTC: datetime.datetime.now(datetime.UTC).
  "ts": dt.datetime.utcnow().strftime("%Y-%m-%dT%H:%M:%SZ"),
/home/ianmcwherter/golden-home-project/automation/post_pinterest.py:327: DeprecationWarning: datetime.datetime.utcnow() is deprecated and scheduled for removal in a future version. Use timezone-aware objects to represent datetimes in UTC: datetime.datetime.now(datetime.UTC).
  pin["posted_at"] = dt.datetime.utcnow().strftime("%Y-%m-%dT%H:%M:%SZ")
[pinterest] pin-2026-07-25-B0DZH3LX6Q: published
[pinterest] 1 pin(s) published; 7 pending.
[agent-log] Pushed entry for Pinterest Pipeline
  [skip] B09B126SSJ status='dead' — not ASIN-verified
  [skip] B075NS8YXG status='dead' — not ASIN-verified
  [skip] B08573DQ39 status='dead' — not ASIN-verified
  [skip] B0F29FLLJZ status='dead' — not ASIN-verified
  [pexels] key sha256[:8]=c788d83a
  [pexels] hit 'patriotic star table decor' -> bg-2026-07-26-B0F1CGK144.jpg
  [pin] B0F1CGK144 board='Home Organization Finds' link=amazon -> social/pinterest/pin-2026-07-26-B0F1CGK144.png
  [pexels] key sha256[:8]=c788d83a
  [pexels] hit 'pantry containers organized shelf' -> bg-2026-07-26-B08ZK5WDWN.jpg
  [pin] B08ZK5WDWN board='Pantry Organization' link=amazon -> social/pinterest/pin-2026-07-26-B08ZK5WDWN.png
  [pexels] key sha256[:8]=c788d83a
  [pexels] hit 'matte black cabinet hardware' -> bg-2026-07-26-B07SPXKNXN.jpg
  [pin] B07SPXKNXN board='Kitchen Organization Ideas' link=amazon -> social/pinterest/pin-2026-07-26-B07SPXKNXN.png
  [pexels] key sha256[:8]=c788d83a
  [pexels] hit 'entryway key rack wall' -> bg-2026-07-26-B0B715XDG1.jpg
  [pin] B0B715XDG1 board='Home Storage Solutions' link=amazon -> social/pinterest/pin-2026-07-26-B0B715XDG1.png
[pinterest] generated 4 new pin(s); queue now 39 total -> social/pinterest_queue.json
/home/ianmcwherter/golden-home-project/automation/post_pinterest.py:120: DeprecationWarning: datetime.datetime.utcnow() is deprecated and scheduled for removal in a future version. Use timezone-aware objects to represent datetimes in UTC: datetime.datetime.now(datetime.UTC).
  today = dt.datetime.utcnow().strftime("%Y-%m-%d")
/home/ianmcwherter/golden-home-project/automation/post_pinterest.py:70: DeprecationWarning: datetime.datetime.utcnow() is deprecated and scheduled for removal in a future version. Use timezone-aware objects to represent datetimes in UTC: datetime.datetime.now(datetime.UTC).
  e = {"ts": dt.datetime.utcnow().strftime("%Y-%m-%dT%H:%M:%SZ"),
/home/ianmcwherter/golden-home-project/automation/post_pinterest.py:88: DeprecationWarning: datetime.datetime.utcnow() is deprecated and scheduled for removal in a future version. Use timezone-aware objects to represent datetimes in UTC: datetime.datetime.now(datetime.UTC).
  "ts": dt.datetime.utcnow().strftime("%Y-%m-%dT%H:%M:%SZ"),
/home/ianmcwherter/golden-home-project/automation/post_pinterest.py:327: DeprecationWarning: datetime.datetime.utcnow() is deprecated and scheduled for removal in a future version. Use timezone-aware objects to represent datetimes in UTC: datetime.datetime.now(datetime.UTC).
  pin["posted_at"] = dt.datetime.utcnow().strftime("%Y-%m-%dT%H:%M:%SZ")
[pinterest] pin-2026-07-25-B0FVW1TNH8: published
[pinterest] 1 pin(s) published; 10 pending.
/home/ianmcwherter/golden-home-project/automation/post_pinterest.py:120: DeprecationWarning: datetime.datetime.utcnow() is deprecated and scheduled for removal in a future version. Use timezone-aware objects to represent datetimes in UTC: datetime.datetime.now(datetime.UTC).
  today = dt.datetime.utcnow().strftime("%Y-%m-%d")
/home/ianmcwherter/golden-home-project/automation/post_pinterest.py:70: DeprecationWarning: datetime.datetime.utcnow() is deprecated and scheduled for removal in a future version. Use timezone-aware objects to represent datetimes in UTC: datetime.datetime.now(datetime.UTC).
  e = {"ts": dt.datetime.utcnow().strftime("%Y-%m-%dT%H:%M:%SZ"),
/home/ianmcwherter/golden-home-project/automation/post_pinterest.py:88: DeprecationWarning: datetime.datetime.utcnow() is deprecated and scheduled for removal in a future version. Use timezone-aware objects to represent datetimes in UTC: datetime.datetime.now(datetime.UTC).
  "ts": dt.datetime.utcnow().strftime("%Y-%m-%dT%H:%M:%SZ"),
/home/ianmcwherter/golden-home-project/automation/post_pinterest.py:327: DeprecationWarning: datetime.datetime.utcnow() is deprecated and scheduled for removal in a future version. Use timezone-aware objects to represent datetimes in UTC: datetime.datetime.now(datetime.UTC).
  pin["posted_at"] = dt.datetime.utcnow().strftime("%Y-%m-%dT%H:%M:%SZ")
[pinterest] pin-2026-07-25-B073WD5KPX: published
[pinterest] 1 pin(s) published; 9 pending.
[agent-log] Pushed entry for Pinterest Pipeline
  [skip] B09B126SSJ status='dead' — not ASIN-verified
  [skip] B075NS8YXG status='dead' — not ASIN-verified
  [skip] B08573DQ39 status='dead' — not ASIN-verified
  [skip] B0F29FLLJZ status='dead' — not ASIN-verified
  [pexels] key sha256[:8]=c788d83a
  [pexels] hit 'college dorm room decor' -> bg-2026-07-27-1612435688.jpg
  [pin] 1612435688 board='Home Organization Finds' link=amazon -> social/pinterest/pin-2026-07-27-1612435688.png
  [claude] copy failed (claude CLI failed after 3 retries: Error: Reached max turns (1)); using template
  [pexels] key sha256[:8]=c788d83a
  [pexels] hit 'tidy bathroom counter' -> bg-2026-07-27-B0CD1X9B1J.jpg
  [pin] B0CD1X9B1J board='Bathroom Storage Ideas' link=amazon -> social/pinterest/pin-2026-07-27-B0CD1X9B1J.png
  [claude] copy failed (claude CLI failed after 3 retries: Error: Reached max turns (1)); using template
  [pexels] key sha256[:8]=c788d83a
  [pexels] hit 'minimal organized home' -> bg-2026-07-27-B0F1MSZ34H.jpg
  [pin] B0F1MSZ34H board='Home Organization Finds' link=amazon -> social/pinterest/pin-2026-07-27-B0F1MSZ34H.png
  [pexels] key sha256[:8]=c788d83a
  [pexels] hit 'black kitchen cabinets' -> bg-2026-07-27-B07T4N63TK.jpg
  [pin] B07T4N63TK board='Kitchen Organization Ideas' link=amazon -> social/pinterest/pin-2026-07-27-B07T4N63TK.png
[pinterest] generated 4 new pin(s); queue now 43 total -> social/pinterest_queue.json
/home/ianmcwherter/golden-home-project/automation/post_pinterest.py:120: DeprecationWarning: datetime.datetime.utcnow() is deprecated and scheduled for removal in a future version. Use timezone-aware objects to represent datetimes in UTC: datetime.datetime.now(datetime.UTC).
  today = dt.datetime.utcnow().strftime("%Y-%m-%d")
/home/ianmcwherter/golden-home-project/automation/post_pinterest.py:70: DeprecationWarning: datetime.datetime.utcnow() is deprecated and scheduled for removal in a future version. Use timezone-aware objects to represent datetimes in UTC: datetime.datetime.now(datetime.UTC).
  e = {"ts": dt.datetime.utcnow().strftime("%Y-%m-%dT%H:%M:%SZ"),
/home/ianmcwherter/golden-home-project/automation/post_pinterest.py:88: DeprecationWarning: datetime.datetime.utcnow() is deprecated and scheduled for removal in a future version. Use timezone-aware objects to represent datetimes in UTC: datetime.datetime.now(datetime.UTC).
  "ts": dt.datetime.utcnow().strftime("%Y-%m-%dT%H:%M:%SZ"),
/home/ianmcwherter/golden-home-project/automation/post_pinterest.py:327: DeprecationWarning: datetime.datetime.utcnow() is deprecated and scheduled for removal in a future version. Use timezone-aware objects to represent datetimes in UTC: datetime.datetime.now(datetime.UTC).
  pin["posted_at"] = dt.datetime.utcnow().strftime("%Y-%m-%dT%H:%M:%SZ")
[pinterest] pin-2026-07-25-B0FFS5RBLC: published
[pinterest] 1 pin(s) published; 12 pending.
/home/ianmcwherter/golden-home-project/automation/post_pinterest.py:120: DeprecationWarning: datetime.datetime.utcnow() is deprecated and scheduled for removal in a future version. Use timezone-aware objects to represent datetimes in UTC: datetime.datetime.now(datetime.UTC).
  today = dt.datetime.utcnow().strftime("%Y-%m-%d")
/home/ianmcwherter/golden-home-project/automation/post_pinterest.py:70: DeprecationWarning: datetime.datetime.utcnow() is deprecated and scheduled for removal in a future version. Use timezone-aware objects to represent datetimes in UTC: datetime.datetime.now(datetime.UTC).
  e = {"ts": dt.datetime.utcnow().strftime("%Y-%m-%dT%H:%M:%SZ"),
/home/ianmcwherter/golden-home-project/automation/post_pinterest.py:88: DeprecationWarning: datetime.datetime.utcnow() is deprecated and scheduled for removal in a future version. Use timezone-aware objects to represent datetimes in UTC: datetime.datetime.now(datetime.UTC).
  "ts": dt.datetime.utcnow().strftime("%Y-%m-%dT%H:%M:%SZ"),
/home/ianmcwherter/golden-home-project/automation/post_pinterest.py:327: DeprecationWarning: datetime.datetime.utcnow() is deprecated and scheduled for removal in a future version. Use timezone-aware objects to represent datetimes in UTC: datetime.datetime.now(datetime.UTC).
  pin["posted_at"] = dt.datetime.utcnow().strftime("%Y-%m-%dT%H:%M:%SZ")
[pinterest] pin-2026-07-25-B0G1Y5BNZL: published
[pinterest] 1 pin(s) published; 11 pending.
[agent-log] Pushed entry for Pinterest Pipeline
  [skip] B09B126SSJ status='dead' — not ASIN-verified
  [skip] B075NS8YXG status='dead' — not ASIN-verified
  [skip] B08573DQ39 status='dead' — not ASIN-verified
  [skip] B0F29FLLJZ status='dead' — not ASIN-verified
  [pexels] key sha256[:8]=c788d83a
  [pexels] hit 'blue quilt bedroom' -> bg-2026-07-28-B08LDD8HBW.jpg
  [pin] B08LDD8HBW board='Home Organization Finds' link=amazon -> social/pinterest/pin-2026-07-28-B08LDD8HBW.png
  [claude] copy failed (claude CLI failed after 3 retries: Error: Reached max turns (1)); using template
  [pexels] key sha256[:8]=c788d83a
  [pexels] hit 'organized pantry shelves' -> bg-2026-07-28-B0FDWLX8QP.jpg
  [pin] B0FDWLX8QP board='Pantry Organization' link=amazon -> social/pinterest/pin-2026-07-28-B0FDWLX8QP.png
  [pexels] key sha256[:8]=c788d83a
  [pexels] hit 'closet hangers organized' -> bg-2026-07-28-B08RJC5B74.jpg
  [pin] B08RJC5B74 board='Closet Organization Ideas' link=amazon -> social/pinterest/pin-2026-07-28-B08RJC5B74.png
[pinterest] generated 3 new pin(s); queue now 46 total -> social/pinterest_queue.json
/home/ianmcwherter/golden-home-project/automation/post_pinterest.py:120: DeprecationWarning: datetime.datetime.utcnow() is deprecated and scheduled for removal in a future version. Use timezone-aware objects to represent datetimes in UTC: datetime.datetime.now(datetime.UTC).
  today = dt.datetime.utcnow().strftime("%Y-%m-%d")
/home/ianmcwherter/golden-home-project/automation/post_pinterest.py:70: DeprecationWarning: datetime.datetime.utcnow() is deprecated and scheduled for removal in a future version. Use timezone-aware objects to represent datetimes in UTC: datetime.datetime.now(datetime.UTC).
  e = {"ts": dt.datetime.utcnow().strftime("%Y-%m-%dT%H:%M:%SZ"),
/home/ianmcwherter/golden-home-project/automation/post_pinterest.py:88: DeprecationWarning: datetime.datetime.utcnow() is deprecated and scheduled for removal in a future version. Use timezone-aware objects to represent datetimes in UTC: datetime.datetime.now(datetime.UTC).
  "ts": dt.datetime.utcnow().strftime("%Y-%m-%dT%H:%M:%SZ"),
/home/ianmcwherter/golden-home-project/automation/post_pinterest.py:327: DeprecationWarning: datetime.datetime.utcnow() is deprecated and scheduled for removal in a future version. Use timezone-aware objects to represent datetimes in UTC: datetime.datetime.now(datetime.UTC).
  pin["posted_at"] = dt.datetime.utcnow().strftime("%Y-%m-%dT%H:%M:%SZ")
[pinterest] pin-2026-07-25-B09SZ9T4MV: published
[pinterest] 1 pin(s) published; 13 pending.
/home/ianmcwherter/golden-home-project/automation/post_pinterest.py:120: DeprecationWarning: datetime.datetime.utcnow() is deprecated and scheduled for removal in a future version. Use timezone-aware objects to represent datetimes in UTC: datetime.datetime.now(datetime.UTC).
  today = dt.datetime.utcnow().strftime("%Y-%m-%d")
/home/ianmcwherter/golden-home-project/automation/post_pinterest.py:70: DeprecationWarning: datetime.datetime.utcnow() is deprecated and scheduled for removal in a future version. Use timezone-aware objects to represent datetimes in UTC: datetime.datetime.now(datetime.UTC).
  e = {"ts": dt.datetime.utcnow().strftime("%Y-%m-%dT%H:%M:%SZ"),
/home/ianmcwherter/golden-home-project/automation/post_pinterest.py:88: DeprecationWarning: datetime.datetime.utcnow() is deprecated and scheduled for removal in a future version. Use timezone-aware objects to represent datetimes in UTC: datetime.datetime.now(datetime.UTC).
  "ts": dt.datetime.utcnow().strftime("%Y-%m-%dT%H:%M:%SZ"),
/home/ianmcwherter/golden-home-project/automation/post_pinterest.py:327: DeprecationWarning: datetime.datetime.utcnow() is deprecated and scheduled for removal in a future version. Use timezone-aware objects to represent datetimes in UTC: datetime.datetime.now(datetime.UTC).
  pin["posted_at"] = dt.datetime.utcnow().strftime("%Y-%m-%dT%H:%M:%SZ")
[pinterest] pin-2026-07-25-B0DXKRFFGM: published
[pinterest] 1 pin(s) published; 12 pending.
  [skip] B09B126SSJ status='dead' — not ASIN-verified
  [skip] B075NS8YXG status='dead' — not ASIN-verified
  [skip] B08573DQ39 status='dead' — not ASIN-verified
  [skip] B0F29FLLJZ status='dead' — not ASIN-verified
[pinterest] generated 0 new pin(s); queue now 46 total -> social/pinterest_queue.json
/home/ianmcwherter/golden-home-project/automation/post_pinterest.py:120: DeprecationWarning: datetime.datetime.utcnow() is deprecated and scheduled for removal in a future version. Use timezone-aware objects to represent datetimes in UTC: datetime.datetime.now(datetime.UTC).
  today = dt.datetime.utcnow().strftime("%Y-%m-%d")
/home/ianmcwherter/golden-home-project/automation/post_pinterest.py:70: DeprecationWarning: datetime.datetime.utcnow() is deprecated and scheduled for removal in a future version. Use timezone-aware objects to represent datetimes in UTC: datetime.datetime.now(datetime.UTC).
  e = {"ts": dt.datetime.utcnow().strftime("%Y-%m-%dT%H:%M:%SZ"),
/home/ianmcwherter/golden-home-project/automation/post_pinterest.py:88: DeprecationWarning: datetime.datetime.utcnow() is deprecated and scheduled for removal in a future version. Use timezone-aware objects to represent datetimes in UTC: datetime.datetime.now(datetime.UTC).
  "ts": dt.datetime.utcnow().strftime("%Y-%m-%dT%H:%M:%SZ"),
/home/ianmcwherter/golden-home-project/automation/post_pinterest.py:327: DeprecationWarning: datetime.datetime.utcnow() is deprecated and scheduled for removal in a future version. Use timezone-aware objects to represent datetimes in UTC: datetime.datetime.now(datetime.UTC).
  pin["posted_at"] = dt.datetime.utcnow().strftime("%Y-%m-%dT%H:%M:%SZ")
[pinterest] pin-2026-07-25-B07QLQ3QP4: published
[pinterest] 1 pin(s) published; 11 pending.
/home/ianmcwherter/golden-home-project/automation/post_pinterest.py:120: DeprecationWarning: datetime.datetime.utcnow() is deprecated and scheduled for removal in a future version. Use timezone-aware objects to represent datetimes in UTC: datetime.datetime.now(datetime.UTC).
  today = dt.datetime.utcnow().strftime("%Y-%m-%d")
/home/ianmcwherter/golden-home-project/automation/post_pinterest.py:70: DeprecationWarning: datetime.datetime.utcnow() is deprecated and scheduled for removal in a future version. Use timezone-aware objects to represent datetimes in UTC: datetime.datetime.now(datetime.UTC).
  e = {"ts": dt.datetime.utcnow().strftime("%Y-%m-%dT%H:%M:%SZ"),
/home/ianmcwherter/golden-home-project/automation/post_pinterest.py:88: DeprecationWarning: datetime.datetime.utcnow() is deprecated and scheduled for removal in a future version. Use timezone-aware objects to represent datetimes in UTC: datetime.datetime.now(datetime.UTC).
  "ts": dt.datetime.utcnow().strftime("%Y-%m-%dT%H:%M:%SZ"),
/home/ianmcwherter/golden-home-project/automation/post_pinterest.py:327: DeprecationWarning: datetime.datetime.utcnow() is deprecated and scheduled for removal in a future version. Use timezone-aware objects to represent datetimes in UTC: datetime.datetime.now(datetime.UTC).
  pin["posted_at"] = dt.datetime.utcnow().strftime("%Y-%m-%dT%H:%M:%SZ")
[pinterest] pin-2026-07-26-B0F1CGK144: published
[pinterest] 1 pin(s) published; 10 pending.
  [skip] B09B126SSJ status='dead' — not ASIN-verified
  [skip] B075NS8YXG status='dead' — not ASIN-verified
  [skip] B08573DQ39 status='dead' — not ASIN-verified
  [skip] B0F29FLLJZ status='dead' — not ASIN-verified
[pinterest] generated 0 new pin(s); queue now 46 total -> social/pinterest_queue.json
/home/ianmcwherter/golden-home-project/automation/post_pinterest.py:120: DeprecationWarning: datetime.datetime.utcnow() is deprecated and scheduled for removal in a future version. Use timezone-aware objects to represent datetimes in UTC: datetime.datetime.now(datetime.UTC).
  today = dt.datetime.utcnow().strftime("%Y-%m-%d")
/home/ianmcwherter/golden-home-project/automation/post_pinterest.py:70: DeprecationWarning: datetime.datetime.utcnow() is deprecated and scheduled for removal in a future version. Use timezone-aware objects to represent datetimes in UTC: datetime.datetime.now(datetime.UTC).
  e = {"ts": dt.datetime.utcnow().strftime("%Y-%m-%dT%H:%M:%SZ"),
/home/ianmcwherter/golden-home-project/automation/post_pinterest.py:88: DeprecationWarning: datetime.datetime.utcnow() is deprecated and scheduled for removal in a future version. Use timezone-aware objects to represent datetimes in UTC: datetime.datetime.now(datetime.UTC).
  "ts": dt.datetime.utcnow().strftime("%Y-%m-%dT%H:%M:%SZ"),
/home/ianmcwherter/golden-home-project/automation/post_pinterest.py:327: DeprecationWarning: datetime.datetime.utcnow() is deprecated and scheduled for removal in a future version. Use timezone-aware objects to represent datetimes in UTC: datetime.datetime.now(datetime.UTC).
  pin["posted_at"] = dt.datetime.utcnow().strftime("%Y-%m-%dT%H:%M:%SZ")
[pinterest] pin-2026-07-26-B08ZK5WDWN: published
[pinterest] 1 pin(s) published; 9 pending.
/home/ianmcwherter/golden-home-project/automation/post_pinterest.py:120: DeprecationWarning: datetime.datetime.utcnow() is deprecated and scheduled for removal in a future version. Use timezone-aware objects to represent datetimes in UTC: datetime.datetime.now(datetime.UTC).
  today = dt.datetime.utcnow().strftime("%Y-%m-%d")
/home/ianmcwherter/golden-home-project/automation/post_pinterest.py:70: DeprecationWarning: datetime.datetime.utcnow() is deprecated and scheduled for removal in a future version. Use timezone-aware objects to represent datetimes in UTC: datetime.datetime.now(datetime.UTC).
  e = {"ts": dt.datetime.utcnow().strftime("%Y-%m-%dT%H:%M:%SZ"),
/home/ianmcwherter/golden-home-project/automation/post_pinterest.py:88: DeprecationWarning: datetime.datetime.utcnow() is deprecated and scheduled for removal in a future version. Use timezone-aware objects to represent datetimes in UTC: datetime.datetime.now(datetime.UTC).
  "ts": dt.datetime.utcnow().strftime("%Y-%m-%dT%H:%M:%SZ"),
/home/ianmcwherter/golden-home-project/automation/post_pinterest.py:327: DeprecationWarning: datetime.datetime.utcnow() is deprecated and scheduled for removal in a future version. Use timezone-aware objects to represent datetimes in UTC: datetime.datetime.now(datetime.UTC).
  pin["posted_at"] = dt.datetime.utcnow().strftime("%Y-%m-%dT%H:%M:%SZ")
[pinterest] pin-2026-07-26-B07SPXKNXN: published
[pinterest] 1 pin(s) published; 8 pending.
  [skip] B09B126SSJ status='dead' — not ASIN-verified
  [skip] B075NS8YXG status='dead' — not ASIN-verified
  [skip] B08573DQ39 status='dead' — not ASIN-verified
  [skip] B0F29FLLJZ status='dead' — not ASIN-verified
[pinterest] generated 0 new pin(s); queue now 46 total -> social/pinterest_queue.json
/home/ianmcwherter/golden-home-project/automation/post_pinterest.py:120: DeprecationWarning: datetime.datetime.utcnow() is deprecated and scheduled for removal in a future version. Use timezone-aware objects to represent datetimes in UTC: datetime.datetime.now(datetime.UTC).
  today = dt.datetime.utcnow().strftime("%Y-%m-%d")
/home/ianmcwherter/golden-home-project/automation/post_pinterest.py:70: DeprecationWarning: datetime.datetime.utcnow() is deprecated and scheduled for removal in a future version. Use timezone-aware objects to represent datetimes in UTC: datetime.datetime.now(datetime.UTC).
  e = {"ts": dt.datetime.utcnow().strftime("%Y-%m-%dT%H:%M:%SZ"),
/home/ianmcwherter/golden-home-project/automation/post_pinterest.py:88: DeprecationWarning: datetime.datetime.utcnow() is deprecated and scheduled for removal in a future version. Use timezone-aware objects to represent datetimes in UTC: datetime.datetime.now(datetime.UTC).
  "ts": dt.datetime.utcnow().strftime("%Y-%m-%dT%H:%M:%SZ"),
/home/ianmcwherter/golden-home-project/automation/post_pinterest.py:327: DeprecationWarning: datetime.datetime.utcnow() is deprecated and scheduled for removal in a future version. Use timezone-aware objects to represent datetimes in UTC: datetime.datetime.now(datetime.UTC).
  pin["posted_at"] = dt.datetime.utcnow().strftime("%Y-%m-%dT%H:%M:%SZ")
[pinterest] pin-2026-07-26-B0B715XDG1: published
[pinterest] 1 pin(s) published; 7 pending.
/home/ianmcwherter/golden-home-project/automation/post_pinterest.py:120: DeprecationWarning: datetime.datetime.utcnow() is deprecated and scheduled for removal in a future version. Use timezone-aware objects to represent datetimes in UTC: datetime.datetime.now(datetime.UTC).
  today = dt.datetime.utcnow().strftime("%Y-%m-%d")
/home/ianmcwherter/golden-home-project/automation/post_pinterest.py:70: DeprecationWarning: datetime.datetime.utcnow() is deprecated and scheduled for removal in a future version. Use timezone-aware objects to represent datetimes in UTC: datetime.datetime.now(datetime.UTC).
  e = {"ts": dt.datetime.utcnow().strftime("%Y-%m-%dT%H:%M:%SZ"),
/home/ianmcwherter/golden-home-project/automation/post_pinterest.py:88: DeprecationWarning: datetime.datetime.utcnow() is deprecated and scheduled for removal in a future version. Use timezone-aware objects to represent datetimes in UTC: datetime.datetime.now(datetime.UTC).
  "ts": dt.datetime.utcnow().strftime("%Y-%m-%dT%H:%M:%SZ"),
/home/ianmcwherter/golden-home-project/automation/post_pinterest.py:327: DeprecationWarning: datetime.datetime.utcnow() is deprecated and scheduled for removal in a future version. Use timezone-aware objects to represent datetimes in UTC: datetime.datetime.now(datetime.UTC).
  pin["posted_at"] = dt.datetime.utcnow().strftime("%Y-%m-%dT%H:%M:%SZ")
[pinterest] pin-2026-07-27-1612435688: published
[pinterest] 1 pin(s) published; 6 pending.
  [skip] B09B126SSJ status='dead' — not ASIN-verified
  [skip] B075NS8YXG status='dead' — not ASIN-verified
  [skip] B08573DQ39 status='dead' — not ASIN-verified
  [skip] B0F29FLLJZ status='dead' — not ASIN-verified
[pinterest] generated 0 new pin(s); queue now 46 total -> social/pinterest_queue.json
/home/ianmcwherter/golden-home-project/automation/post_pinterest.py:120: DeprecationWarning: datetime.datetime.utcnow() is deprecated and scheduled for removal in a future version. Use timezone-aware objects to represent datetimes in UTC: datetime.datetime.now(datetime.UTC).
  today = dt.datetime.utcnow().strftime("%Y-%m-%d")
/home/ianmcwherter/golden-home-project/automation/post_pinterest.py:70: DeprecationWarning: datetime.datetime.utcnow() is deprecated and scheduled for removal in a future version. Use timezone-aware objects to represent datetimes in UTC: datetime.datetime.now(datetime.UTC).
  e = {"ts": dt.datetime.utcnow().strftime("%Y-%m-%dT%H:%M:%SZ"),
/home/ianmcwherter/golden-home-project/automation/post_pinterest.py:88: DeprecationWarning: datetime.datetime.utcnow() is deprecated and scheduled for removal in a future version. Use timezone-aware objects to represent datetimes in UTC: datetime.datetime.now(datetime.UTC).
  "ts": dt.datetime.utcnow().strftime("%Y-%m-%dT%H:%M:%SZ"),
/home/ianmcwherter/golden-home-project/automation/post_pinterest.py:327: DeprecationWarning: datetime.datetime.utcnow() is deprecated and scheduled for removal in a future version. Use timezone-aware objects to represent datetimes in UTC: datetime.datetime.now(datetime.UTC).
  pin["posted_at"] = dt.datetime.utcnow().strftime("%Y-%m-%dT%H:%M:%SZ")
[pinterest] pin-2026-07-27-B0CD1X9B1J: published
[pinterest] 1 pin(s) published; 5 pending.
/home/ianmcwherter/golden-home-project/automation/post_pinterest.py:120: DeprecationWarning: datetime.datetime.utcnow() is deprecated and scheduled for removal in a future version. Use timezone-aware objects to represent datetimes in UTC: datetime.datetime.now(datetime.UTC).
  today = dt.datetime.utcnow().strftime("%Y-%m-%d")
/home/ianmcwherter/golden-home-project/automation/post_pinterest.py:70: DeprecationWarning: datetime.datetime.utcnow() is deprecated and scheduled for removal in a future version. Use timezone-aware objects to represent datetimes in UTC: datetime.datetime.now(datetime.UTC).
  e = {"ts": dt.datetime.utcnow().strftime("%Y-%m-%dT%H:%M:%SZ"),
/home/ianmcwherter/golden-home-project/automation/post_pinterest.py:88: DeprecationWarning: datetime.datetime.utcnow() is deprecated and scheduled for removal in a future version. Use timezone-aware objects to represent datetimes in UTC: datetime.datetime.now(datetime.UTC).
  "ts": dt.datetime.utcnow().strftime("%Y-%m-%dT%H:%M:%SZ"),
/home/ianmcwherter/golden-home-project/automation/post_pinterest.py:327: DeprecationWarning: datetime.datetime.utcnow() is deprecated and scheduled for removal in a future version. Use timezone-aware objects to represent datetimes in UTC: datetime.datetime.now(datetime.UTC).
  pin["posted_at"] = dt.datetime.utcnow().strftime("%Y-%m-%dT%H:%M:%SZ")
[pinterest] pin-2026-07-27-B0F1MSZ34H: published
[pinterest] 1 pin(s) published; 4 pending.
  [skip] B09B126SSJ status='dead' — not ASIN-verified
  [skip] B075NS8YXG status='dead' — not ASIN-verified
  [skip] B08573DQ39 status='dead' — not ASIN-verified
  [skip] B0F29FLLJZ status='dead' — not ASIN-verified
[pinterest] generated 0 new pin(s); queue now 46 total -> social/pinterest_queue.json
/home/ianmcwherter/golden-home-project/automation/post_pinterest.py:120: DeprecationWarning: datetime.datetime.utcnow() is deprecated and scheduled for removal in a future version. Use timezone-aware objects to represent datetimes in UTC: datetime.datetime.now(datetime.UTC).
  today = dt.datetime.utcnow().strftime("%Y-%m-%d")
/home/ianmcwherter/golden-home-project/automation/post_pinterest.py:70: DeprecationWarning: datetime.datetime.utcnow() is deprecated and scheduled for removal in a future version. Use timezone-aware objects to represent datetimes in UTC: datetime.datetime.now(datetime.UTC).
  e = {"ts": dt.datetime.utcnow().strftime("%Y-%m-%dT%H:%M:%SZ"),
/home/ianmcwherter/golden-home-project/automation/post_pinterest.py:88: DeprecationWarning: datetime.datetime.utcnow() is deprecated and scheduled for removal in a future version. Use timezone-aware objects to represent datetimes in UTC: datetime.datetime.now(datetime.UTC).
  "ts": dt.datetime.utcnow().strftime("%Y-%m-%dT%H:%M:%SZ"),
/home/ianmcwherter/golden-home-project/automation/post_pinterest.py:327: DeprecationWarning: datetime.datetime.utcnow() is deprecated and scheduled for removal in a future version. Use timezone-aware objects to represent datetimes in UTC: datetime.datetime.now(datetime.UTC).
  pin["posted_at"] = dt.datetime.utcnow().strftime("%Y-%m-%dT%H:%M:%SZ")
[pinterest] pin-2026-07-27-B07T4N63TK: published
[pinterest] 1 pin(s) published; 3 pending.
/home/ianmcwherter/golden-home-project/automation/post_pinterest.py:120: DeprecationWarning: datetime.datetime.utcnow() is deprecated and scheduled for removal in a future version. Use timezone-aware objects to represent datetimes in UTC: datetime.datetime.now(datetime.UTC).
  today = dt.datetime.utcnow().strftime("%Y-%m-%d")
/home/ianmcwherter/golden-home-project/automation/post_pinterest.py:70: DeprecationWarning: datetime.datetime.utcnow() is deprecated and scheduled for removal in a future version. Use timezone-aware objects to represent datetimes in UTC: datetime.datetime.now(datetime.UTC).
  e = {"ts": dt.datetime.utcnow().strftime("%Y-%m-%dT%H:%M:%SZ"),
/home/ianmcwherter/golden-home-project/automation/post_pinterest.py:88: DeprecationWarning: datetime.datetime.utcnow() is deprecated and scheduled for removal in a future version. Use timezone-aware objects to represent datetimes in UTC: datetime.datetime.now(datetime.UTC).
  "ts": dt.datetime.utcnow().strftime("%Y-%m-%dT%H:%M:%SZ"),
/home/ianmcwherter/golden-home-project/automation/post_pinterest.py:327: DeprecationWarning: datetime.datetime.utcnow() is deprecated and scheduled for removal in a future version. Use timezone-aware objects to represent datetimes in UTC: datetime.datetime.now(datetime.UTC).
  pin["posted_at"] = dt.datetime.utcnow().strftime("%Y-%m-%dT%H:%M:%SZ")
[pinterest] pin-2026-07-28-B08LDD8HBW: published
[pinterest] 1 pin(s) published; 2 pending.
  [skip] B09B126SSJ status='dead' — not ASIN-verified
  [skip] B075NS8YXG status='dead' — not ASIN-verified
  [skip] B08573DQ39 status='dead' — not ASIN-verified
  [skip] B0F29FLLJZ status='dead' — not ASIN-verified
[pinterest] generated 0 new pin(s); queue now 46 total -> social/pinterest_queue.json
/home/ianmcwherter/golden-home-project/automation/post_pinterest.py:120: DeprecationWarning: datetime.datetime.utcnow() is deprecated and scheduled for removal in a future version. Use timezone-aware objects to represent datetimes in UTC: datetime.datetime.now(datetime.UTC).
  today = dt.datetime.utcnow().strftime("%Y-%m-%d")
/home/ianmcwherter/golden-home-project/automation/post_pinterest.py:70: DeprecationWarning: datetime.datetime.utcnow() is deprecated and scheduled for removal in a future version. Use timezone-aware objects to represent datetimes in UTC: datetime.datetime.now(datetime.UTC).
  e = {"ts": dt.datetime.utcnow().strftime("%Y-%m-%dT%H:%M:%SZ"),
/home/ianmcwherter/golden-home-project/automation/post_pinterest.py:88: DeprecationWarning: datetime.datetime.utcnow() is deprecated and scheduled for removal in a future version. Use timezone-aware objects to represent datetimes in UTC: datetime.datetime.now(datetime.UTC).
  "ts": dt.datetime.utcnow().strftime("%Y-%m-%dT%H:%M:%SZ"),
/home/ianmcwherter/golden-home-project/automation/post_pinterest.py:327: DeprecationWarning: datetime.datetime.utcnow() is deprecated and scheduled for removal in a future version. Use timezone-aware objects to represent datetimes in UTC: datetime.datetime.now(datetime.UTC).
  pin["posted_at"] = dt.datetime.utcnow().strftime("%Y-%m-%dT%H:%M:%SZ")
[pinterest] pin-2026-07-28-B0FDWLX8QP: published
[pinterest] 1 pin(s) published; 1 pending.
/home/ianmcwherter/golden-home-project/automation/post_pinterest.py:120: DeprecationWarning: datetime.datetime.utcnow() is deprecated and scheduled for removal in a future version. Use timezone-aware objects to represent datetimes in UTC: datetime.datetime.now(datetime.UTC).
  today = dt.datetime.utcnow().strftime("%Y-%m-%d")
/home/ianmcwherter/golden-home-project/automation/post_pinterest.py:70: DeprecationWarning: datetime.datetime.utcnow() is deprecated and scheduled for removal in a future version. Use timezone-aware objects to represent datetimes in UTC: datetime.datetime.now(datetime.UTC).
  e = {"ts": dt.datetime.utcnow().strftime("%Y-%m-%dT%H:%M:%SZ"),
/home/ianmcwherter/golden-home-project/automation/post_pinterest.py:88: DeprecationWarning: datetime.datetime.utcnow() is deprecated and scheduled for removal in a future version. Use timezone-aware objects to represent datetimes in UTC: datetime.datetime.now(datetime.UTC).
  "ts": dt.datetime.utcnow().strftime("%Y-%m-%dT%H:%M:%SZ"),
/home/ianmcwherter/golden-home-project/automation/post_pinterest.py:327: DeprecationWarning: datetime.datetime.utcnow() is deprecated and scheduled for removal in a future version. Use timezone-aware objects to represent datetimes in UTC: datetime.datetime.now(datetime.UTC).
  pin["posted_at"] = dt.datetime.utcnow().strftime("%Y-%m-%dT%H:%M:%SZ")
[pinterest] pin-2026-07-28-B08RJC5B74: published
[pinterest] 1 pin(s) published; 0 pending.
  [skip] B09B126SSJ status='dead' — not ASIN-verified
  [skip] B075NS8YXG status='dead' — not ASIN-verified
  [skip] B08573DQ39 status='dead' — not ASIN-verified
  [skip] B0F29FLLJZ status='dead' — not ASIN-verified
[pinterest] generated 0 new pin(s); queue now 46 total -> social/pinterest_queue.json
/home/ianmcwherter/golden-home-project/automation/post_pinterest.py:120: DeprecationWarning: datetime.datetime.utcnow() is deprecated and scheduled for removal in a future version. Use timezone-aware objects to represent datetimes in UTC: datetime.datetime.now(datetime.UTC).
  today = dt.datetime.utcnow().strftime("%Y-%m-%d")
[pinterest] queue empty — nothing to post. Run pinterest_pipeline.py to refill.
/home/ianmcwherter/golden-home-project/automation/post_pinterest.py:120: DeprecationWarning: datetime.datetime.utcnow() is deprecated and scheduled for removal in a future version. Use timezone-aware objects to represent datetimes in UTC: datetime.datetime.now(datetime.UTC).
  today = dt.datetime.utcnow().strftime("%Y-%m-%d")
[pinterest] queue empty — nothing to post. Run pinterest_pipeline.py to refill.
  [skip] B09B126SSJ status='dead' — not ASIN-verified
  [skip] B075NS8YXG status='dead' — not ASIN-verified
  [skip] B08573DQ39 status='dead' — not ASIN-verified
  [skip] B0F29FLLJZ status='dead' — not ASIN-verified
[pinterest] generated 0 new pin(s); queue now 46 total -> social/pinterest_queue.json
/home/ianmcwherter/golden-home-project/automation/post_pinterest.py:120: DeprecationWarning: datetime.datetime.utcnow() is deprecated and scheduled for removal in a future version. Use timezone-aware objects to represent datetimes in UTC: datetime.datetime.now(datetime.UTC).
  today = dt.datetime.utcnow().strftime("%Y-%m-%d")
[pinterest] queue empty — nothing to post. Run pinterest_pipeline.py to refill.
/home/ianmcwherter/golden-home-project/automation/post_pinterest.py:120: DeprecationWarning: datetime.datetime.utcnow() is deprecated and scheduled for removal in a future version. Use timezone-aware objects to represent datetimes in UTC: datetime.datetime.now(datetime.UTC).
  today = dt.datetime.utcnow().strftime("%Y-%m-%d")
[pinterest] queue empty — nothing to post. Run pinterest_pipeline.py to refill.
  [skip] B09B126SSJ status='dead' — not ASIN-verified
  [skip] B075NS8YXG status='dead' — not ASIN-verified
  [skip] B08573DQ39 status='dead' — not ASIN-verified
  [skip] B0F29FLLJZ status='dead' — not ASIN-verified
[pinterest] generated 0 new pin(s); queue now 46 total -> social/pinterest_queue.json
/home/ianmcwherter/golden-home-project/automation/post_pinterest.py:120: DeprecationWarning: datetime.datetime.utcnow() is deprecated and scheduled for removal in a future version. Use timezone-aware objects to represent datetimes in UTC: datetime.datetime.now(datetime.UTC).
  today = dt.datetime.utcnow().strftime("%Y-%m-%d")
[pinterest] queue empty — nothing to post. Run pinterest_pipeline.py to refill.
/home/ianmcwherter/golden-home-project/automation/post_pinterest.py:120: DeprecationWarning: datetime.datetime.utcnow() is deprecated and scheduled for removal in a future version. Use timezone-aware objects to represent datetimes in UTC: datetime.datetime.now(datetime.UTC).
  today = dt.datetime.utcnow().strftime("%Y-%m-%d")
[pinterest] queue empty — nothing to post. Run pinterest_pipeline.py to refill.
  [skip] B09B126SSJ status='dead' — not ASIN-verified
  [skip] B075NS8YXG status='dead' — not ASIN-verified
  [skip] B08573DQ39 status='dead' — not ASIN-verified
  [skip] B0F29FLLJZ status='dead' — not ASIN-verified
[pinterest] generated 0 new pin(s); queue now 46 total -> social/pinterest_queue.json
/home/ianmcwherter/golden-home-project/automation/post_pinterest.py:120: DeprecationWarning: datetime.datetime.utcnow() is deprecated and scheduled for removal in a future version. Use timezone-aware objects to represent datetimes in UTC: datetime.datetime.now(datetime.UTC).
  today = dt.datetime.utcnow().strftime("%Y-%m-%d")
[pinterest] daily cap (1) reached; 3 still pending.
/home/ianmcwherter/golden-home-project/automation/post_pinterest.py:120: DeprecationWarning: datetime.datetime.utcnow() is deprecated and scheduled for removal in a future version. Use timezone-aware objects to represent datetimes in UTC: datetime.datetime.now(datetime.UTC).
  today = dt.datetime.utcnow().strftime("%Y-%m-%d")
/home/ianmcwherter/golden-home-project/automation/post_pinterest.py:70: DeprecationWarning: datetime.datetime.utcnow() is deprecated and scheduled for removal in a future version. Use timezone-aware objects to represent datetimes in UTC: datetime.datetime.now(datetime.UTC).
  e = {"ts": dt.datetime.utcnow().strftime("%Y-%m-%dT%H:%M:%SZ"),
/home/ianmcwherter/golden-home-project/automation/post_pinterest.py:88: DeprecationWarning: datetime.datetime.utcnow() is deprecated and scheduled for removal in a future version. Use timezone-aware objects to represent datetimes in UTC: datetime.datetime.now(datetime.UTC).
  "ts": dt.datetime.utcnow().strftime("%Y-%m-%dT%H:%M:%SZ"),
/home/ianmcwherter/golden-home-project/automation/post_pinterest.py:327: DeprecationWarning: datetime.datetime.utcnow() is deprecated and scheduled for removal in a future version. Use timezone-aware objects to represent datetimes in UTC: datetime.datetime.now(datetime.UTC).
  pin["posted_at"] = dt.datetime.utcnow().strftime("%Y-%m-%dT%H:%M:%SZ")
[pinterest] pin-2026-08-07-B000ST1DZO: published
[pinterest] 1 pin(s) published; 2 pending.
[agent-log] Pushed entry for Pinterest Pipeline
  [skip] B09B126SSJ status='dead' — not ASIN-verified
  [skip] B075NS8YXG status='dead' — not ASIN-verified
  [skip] B08573DQ39 status='dead' — not ASIN-verified
  [skip] B0F29FLLJZ status='dead' — not ASIN-verified
  [pexels] key sha256[:8]=c788d83a
  [pexels] hit 'microfiber cleaning cloth' -> bg-2026-08-08-B098D79MQB.jpg
  [pin] B098D79MQB board='Home Organization Finds' link=amazon -> social/pinterest/pin-2026-08-08-B098D79MQB.png
  [pexels] key sha256[:8]=c788d83a
  [pexels] hit 'cleaning supplies caddy' -> bg-2026-08-08-B01DCG0GPC.jpg
  [pin] B01DCG0GPC board='Home Organization Finds' link=amazon -> social/pinterest/pin-2026-08-08-B01DCG0GPC.png
  [pexels] key sha256[:8]=c788d83a
  [pexels] hit 'stainless steel water bottle' -> bg-2026-08-08-B085DTZQNZ.jpg
  [pin] B085DTZQNZ board='Home Organization Finds' link=amazon -> social/pinterest/pin-2026-08-08-B085DTZQNZ.png
  [pexels] key sha256[:8]=c788d83a
  [pexels] hit 'folded queen bed sheets' -> bg-2026-08-08-B01M16WBW1.jpg
  [pin] B01M16WBW1 board='Home Organization Finds' link=amazon -> social/pinterest/pin-2026-08-08-B01M16WBW1.png
[pinterest] generated 4 new pin(s); queue now 54 total -> social/pinterest_queue.json
/home/ianmcwherter/golden-home-project/automation/post_pinterest.py:120: DeprecationWarning: datetime.datetime.utcnow() is deprecated and scheduled for removal in a future version. Use timezone-aware objects to represent datetimes in UTC: datetime.datetime.now(datetime.UTC).
  today = dt.datetime.utcnow().strftime("%Y-%m-%d")
/home/ianmcwherter/golden-home-project/automation/post_pinterest.py:70: DeprecationWarning: datetime.datetime.utcnow() is deprecated and scheduled for removal in a future version. Use timezone-aware objects to represent datetimes in UTC: datetime.datetime.now(datetime.UTC).
  e = {"ts": dt.datetime.utcnow().strftime("%Y-%m-%dT%H:%M:%SZ"),
/home/ianmcwherter/golden-home-project/automation/post_pinterest.py:88: DeprecationWarning: datetime.datetime.utcnow() is deprecated and scheduled for removal in a future version. Use timezone-aware objects to represent datetimes in UTC: datetime.datetime.now(datetime.UTC).
  "ts": dt.datetime.utcnow().strftime("%Y-%m-%dT%H:%M:%SZ"),
/home/ianmcwherter/golden-home-project/automation/post_pinterest.py:327: DeprecationWarning: datetime.datetime.utcnow() is deprecated and scheduled for removal in a future version. Use timezone-aware objects to represent datetimes in UTC: datetime.datetime.now(datetime.UTC).
  pin["posted_at"] = dt.datetime.utcnow().strftime("%Y-%m-%dT%H:%M:%SZ")
[pinterest] pin-2026-08-07-B00SXC85IQ: published
[pinterest] 1 pin(s) published; 5 pending.
/home/ianmcwherter/golden-home-project/automation/post_pinterest.py:120: DeprecationWarning: datetime.datetime.utcnow() is deprecated and scheduled for removal in a future version. Use timezone-aware objects to represent datetimes in UTC: datetime.datetime.now(datetime.UTC).
  today = dt.datetime.utcnow().strftime("%Y-%m-%d")
/home/ianmcwherter/golden-home-project/automation/post_pinterest.py:70: DeprecationWarning: datetime.datetime.utcnow() is deprecated and scheduled for removal in a future version. Use timezone-aware objects to represent datetimes in UTC: datetime.datetime.now(datetime.UTC).
  e = {"ts": dt.datetime.utcnow().strftime("%Y-%m-%dT%H:%M:%SZ"),
/home/ianmcwherter/golden-home-project/automation/post_pinterest.py:88: DeprecationWarning: datetime.datetime.utcnow() is deprecated and scheduled for removal in a future version. Use timezone-aware objects to represent datetimes in UTC: datetime.datetime.now(datetime.UTC).
  "ts": dt.datetime.utcnow().strftime("%Y-%m-%dT%H:%M:%SZ"),
/home/ianmcwherter/golden-home-project/automation/post_pinterest.py:327: DeprecationWarning: datetime.datetime.utcnow() is deprecated and scheduled for removal in a future version. Use timezone-aware objects to represent datetimes in UTC: datetime.datetime.now(datetime.UTC).
  pin["posted_at"] = dt.datetime.utcnow().strftime("%Y-%m-%dT%H:%M:%SZ")
[pinterest] pin-2026-08-07-B08492PZ8Y: published
[pinterest] 1 pin(s) published; 4 pending.
[agent-log] Pushed entry for Pinterest Pipeline
  [pexels] key sha256[:8]=c788d83a
  [pexels] hit 'digital kitchen scale' -> bg-2026-08-09-B0113UZJE2.jpg
  [pin] B0113UZJE2 board='Kitchen Organization Ideas' link=amazon -> social/pinterest/pin-2026-08-09-B0113UZJE2.png
  [pexels] key sha256[:8]=c788d83a
  [pexels] hit 'insulated tumbler kitchen counter' -> bg-2026-08-09-B0CP9YB3Q4.jpg
  [pin] B0CP9YB3Q4 board='Home Organization Finds' link=amazon -> social/pinterest/pin-2026-08-09-B0CP9YB3Q4.png
  [pexels] key sha256[:8]=c788d83a
  [pexels] hit 'bathroom scale small space' -> bg-2026-08-09-B01HI1W1V4.jpg
  [pin] B01HI1W1V4 board='Bathroom Storage Ideas' link=amazon -> social/pinterest/pin-2026-08-09-B01HI1W1V4.png
  [skip] B09B126SSJ status='dead' — not ASIN-verified
  [skip] B075NS8YXG status='dead' — not ASIN-verified
  [skip] B08573DQ39 status='dead' — not ASIN-verified
  [skip] B0F29FLLJZ status='dead' — not ASIN-verified
  [pexels] key sha256[:8]=c788d83a
  [pexels] hit 'air fryer basket kitchen' -> bg-2026-08-09-B0B6PLG6G2.jpg
  [pin] B0B6PLG6G2 board='Home Organization Finds' link=amazon -> social/pinterest/pin-2026-08-09-B0B6PLG6G2.png
[pinterest] generated 4 new pin(s); queue now 61 total -> social/pinterest_queue.json
/home/ianmcwherter/golden-home-project/automation/post_pinterest.py:120: DeprecationWarning: datetime.datetime.utcnow() is deprecated and scheduled for removal in a future version. Use timezone-aware objects to represent datetimes in UTC: datetime.datetime.now(datetime.UTC).
  today = dt.datetime.utcnow().strftime("%Y-%m-%d")
[pinterest] daily cap (1) reached; 13 still pending.
/home/ianmcwherter/golden-home-project/automation/post_pinterest.py:120: DeprecationWarning: datetime.datetime.utcnow() is deprecated and scheduled for removal in a future version. Use timezone-aware objects to represent datetimes in UTC: datetime.datetime.now(datetime.UTC).
  today = dt.datetime.utcnow().strftime("%Y-%m-%d")
/home/ianmcwherter/golden-home-project/automation/post_pinterest.py:70: DeprecationWarning: datetime.datetime.utcnow() is deprecated and scheduled for removal in a future version. Use timezone-aware objects to represent datetimes in UTC: datetime.datetime.now(datetime.UTC).
  e = {"ts": dt.datetime.utcnow().strftime("%Y-%m-%dT%H:%M:%SZ"),
/home/ianmcwherter/golden-home-project/automation/post_pinterest.py:88: DeprecationWarning: datetime.datetime.utcnow() is deprecated and scheduled for removal in a future version. Use timezone-aware objects to represent datetimes in UTC: datetime.datetime.now(datetime.UTC).
  "ts": dt.datetime.utcnow().strftime("%Y-%m-%dT%H:%M:%SZ"),
/home/ianmcwherter/golden-home-project/automation/post_pinterest.py:335: DeprecationWarning: datetime.datetime.utcnow() is deprecated and scheduled for removal in a future version. Use timezone-aware objects to represent datetimes in UTC: datetime.datetime.now(datetime.UTC).
  pin["posted_at"] = dt.datetime.utcnow().strftime("%Y-%m-%dT%H:%M:%SZ")
[pinterest] pin-2026-08-09-B0113UZJE2: published
[pinterest] 1 pin(s) published; 12 pending.
[agent-log] Pushed entry for Pinterest Pipeline
  [skip] B09B126SSJ status='dead' — not ASIN-verified
  [skip] B075NS8YXG status='dead' — not ASIN-verified
  [skip] B08573DQ39 status='dead' — not ASIN-verified
  [skip] B0F29FLLJZ status='dead' — not ASIN-verified
  [claude] copy failed (claude CLI failed after 3 retries: Error: Reached max turns (1)); using template
  [pexels] key sha256[:8]=c788d83a
  [pexels] hit 'minimal organized home' -> bg-2026-08-10-B00FXNAAW2.jpg
  [pin] B00FXNAAW2 board='Home Organization Finds' link=blog -> social/pinterest/pin-2026-08-10-B00FXNAAW2.png
  [pexels] key sha256[:8]=c788d83a
  [pexels] hit 'gallery wall picture frames' -> bg-2026-08-10-B0BQR2BQYZ.jpg
  [pin] B0BQR2BQYZ board='Home Organization Finds' link=blog -> social/pinterest/pin-2026-08-10-B0BQR2BQYZ.png
  [claude] copy failed (claude CLI failed after 3 retries: Error: Reached max turns (1)); using template
  [pexels] key sha256[:8]=c788d83a
  [pexels] hit 'minimal organized home' -> bg-2026-08-10-B08QRFZ6TH.jpg
  [pin] B08QRFZ6TH board='Home Organization Finds' link=blog -> social/pinterest/pin-2026-08-10-B08QRFZ6TH.png
  [claude] copy failed (claude CLI failed after 3 retries: Error: Reached max turns (1)); using template
  [pexels] key sha256[:8]=c788d83a
  [pexels] hit 'minimal organized home' -> bg-2026-08-10-B01NBNDC1T.jpg
  [pin] B01NBNDC1T board='Home Organization Finds' link=blog -> social/pinterest/pin-2026-08-10-B01NBNDC1T.png
[pinterest] generated 4 new pin(s); queue now 68 total -> social/pinterest_queue.json
/home/ianmcwherter/golden-home-project/automation/post_pinterest.py:120: DeprecationWarning: datetime.datetime.utcnow() is deprecated and scheduled for removal in a future version. Use timezone-aware objects to represent datetimes in UTC: datetime.datetime.now(datetime.UTC).
  today = dt.datetime.utcnow().strftime("%Y-%m-%d")
/home/ianmcwherter/golden-home-project/automation/post_pinterest.py:70: DeprecationWarning: datetime.datetime.utcnow() is deprecated and scheduled for removal in a future version. Use timezone-aware objects to represent datetimes in UTC: datetime.datetime.now(datetime.UTC).
  e = {"ts": dt.datetime.utcnow().strftime("%Y-%m-%dT%H:%M:%SZ"),
/home/ianmcwherter/golden-home-project/automation/post_pinterest.py:88: DeprecationWarning: datetime.datetime.utcnow() is deprecated and scheduled for removal in a future version. Use timezone-aware objects to represent datetimes in UTC: datetime.datetime.now(datetime.UTC).
  "ts": dt.datetime.utcnow().strftime("%Y-%m-%dT%H:%M:%SZ"),
/home/ianmcwherter/golden-home-project/automation/post_pinterest.py:335: DeprecationWarning: datetime.datetime.utcnow() is deprecated and scheduled for removal in a future version. Use timezone-aware objects to represent datetimes in UTC: datetime.datetime.now(datetime.UTC).
  pin["posted_at"] = dt.datetime.utcnow().strftime("%Y-%m-%dT%H:%M:%SZ")
[pinterest] pin-2026-08-09-B0CP9YB3Q4: published
[pinterest] 1 pin(s) published; 14 pending.
/home/ianmcwherter/golden-home-project/automation/post_pinterest.py:120: DeprecationWarning: datetime.datetime.utcnow() is deprecated and scheduled for removal in a future version. Use timezone-aware objects to represent datetimes in UTC: datetime.datetime.now(datetime.UTC).
  today = dt.datetime.utcnow().strftime("%Y-%m-%d")
/home/ianmcwherter/golden-home-project/automation/post_pinterest.py:70: DeprecationWarning: datetime.datetime.utcnow() is deprecated and scheduled for removal in a future version. Use timezone-aware objects to represent datetimes in UTC: datetime.datetime.now(datetime.UTC).
  e = {"ts": dt.datetime.utcnow().strftime("%Y-%m-%dT%H:%M:%SZ"),
/home/ianmcwherter/golden-home-project/automation/post_pinterest.py:88: DeprecationWarning: datetime.datetime.utcnow() is deprecated and scheduled for removal in a future version. Use timezone-aware objects to represent datetimes in UTC: datetime.datetime.now(datetime.UTC).
  "ts": dt.datetime.utcnow().strftime("%Y-%m-%dT%H:%M:%SZ"),
/home/ianmcwherter/golden-home-project/automation/post_pinterest.py:335: DeprecationWarning: datetime.datetime.utcnow() is deprecated and scheduled for removal in a future version. Use timezone-aware objects to represent datetimes in UTC: datetime.datetime.now(datetime.UTC).
  pin["posted_at"] = dt.datetime.utcnow().strftime("%Y-%m-%dT%H:%M:%SZ")
[pinterest] pin-2026-08-09-B08KXKVT4K: published
[pinterest] 1 pin(s) published; 12 pending.
[agent-log] Pushed entry for Pinterest Pipeline
  [skip] B09B126SSJ status='dead' — not ASIN-verified
  [skip] B075NS8YXG status='dead' — not ASIN-verified
  [skip] B08573DQ39 status='dead' — not ASIN-verified
  [skip] B0F29FLLJZ status='dead' — not ASIN-verified
  [pexels] key sha256[:8]=c788d83a
  [pexels] hit 'black curtains window bedroom' -> bg-2026-08-11-B01CS31R94.jpg
  [pin] B01CS31R94 board='Home Organization Finds' link=blog -> social/pinterest/pin-2026-08-11-B01CS31R94.png
  [pexels] key sha256[:8]=c788d83a
  [pexels] hit 'rug corner hardwood floor' -> bg-2026-08-11-B0815BLNX1.jpg
  [pin] B0815BLNX1 board='Home Organization Finds' link=blog -> social/pinterest/pin-2026-08-11-B0815BLNX1.png
  [pexels] key sha256[:8]=c788d83a
  [pexels] hit 'kitchen runner rug' -> bg-2026-08-11-B0D89V1RX1.jpg
  [pin] B0D89V1RX1 board='Kitchen Organization Ideas' link=blog -> social/pinterest/pin-2026-08-11-B0D89V1RX1.png
  [pexels] key sha256[:8]=c788d83a
  [pexels] hit 'curtain rod window' -> bg-2026-08-11-B0B7WQVYGF.jpg
  [pin] B0B7WQVYGF board='Home Organization Finds' link=amazon -> social/pinterest/pin-2026-08-11-B0B7WQVYGF.png
[pinterest] generated 4 new pin(s); queue now 72 total -> social/pinterest_queue.json
/home/ianmcwherter/golden-home-project/automation/post_pinterest.py:120: DeprecationWarning: datetime.datetime.utcnow() is deprecated and scheduled for removal in a future version. Use timezone-aware objects to represent datetimes in UTC: datetime.datetime.now(datetime.UTC).
  today = dt.datetime.utcnow().strftime("%Y-%m-%d")
[pinterest] daily cap (1) reached; 16 still pending.
/home/ianmcwherter/golden-home-project/automation/post_pinterest.py:120: DeprecationWarning: datetime.datetime.utcnow() is deprecated and scheduled for removal in a future version. Use timezone-aware objects to represent datetimes in UTC: datetime.datetime.now(datetime.UTC).
  today = dt.datetime.utcnow().strftime("%Y-%m-%d")
[pinterest] daily cap (4) reached; 26 still pending.
[agent-log] Pushed entry for Pinterest Pipeline
  [skip] B09B126SSJ status='dead' — not ASIN-verified
  [pexels] key sha256[:8]=c788d83a
  [pexels] hit 'dorm desk power strip' -> bg-2026-08-12-B0DZ254SSR.jpg
  [pin] B0DZ254SSR board='Home Organization Finds' link=blog -> social/pinterest/pin-2026-08-12-B0DZ254SSR.png
  [claude] copy failed (claude CLI failed after 3 retries: Error: Reached max turns (1)); using template
  [pexels] key sha256[:8]=c788d83a
  [pexels] hit 'minimal organized home' -> bg-2026-08-12-B00HZ0ION8.jpg
  [pin] B00HZ0ION8 board='Home Organization Finds' link=blog -> social/pinterest/pin-2026-08-12-B00HZ0ION8.png
  [pexels] key sha256[:8]=c788d83a
  [pexels] hit 'over door hooks organizer' -> bg-2026-08-12-B0B99VKV8P.jpg
  [pin] B0B99VKV8P board='Home Organization Finds' link=blog -> social/pinterest/pin-2026-08-12-B0B99VKV8P.png
  [pexels] key sha256[:8]=c788d83a
  [pexels] hit 'clip on desk lamp' -> bg-2026-08-12-B0BBMK7RCF.jpg
  [pin] B0BBMK7RCF board='Home Organization Finds' link=blog -> social/pinterest/pin-2026-08-12-B0BBMK7RCF.png
[pinterest] generated 4 new pin(s); queue now 90 total -> social/pinterest_queue.json
/home/ianmcwherter/golden-home-project/automation/post_pinterest.py:120: DeprecationWarning: datetime.datetime.utcnow() is deprecated and scheduled for removal in a future version. Use timezone-aware objects to represent datetimes in UTC: datetime.datetime.now(datetime.UTC).
  today = dt.datetime.utcnow().strftime("%Y-%m-%d")
/home/ianmcwherter/golden-home-project/automation/post_pinterest.py:70: DeprecationWarning: datetime.datetime.utcnow() is deprecated and scheduled for removal in a future version. Use timezone-aware objects to represent datetimes in UTC: datetime.datetime.now(datetime.UTC).
  e = {"ts": dt.datetime.utcnow().strftime("%Y-%m-%dT%H:%M:%SZ"),
/home/ianmcwherter/golden-home-project/automation/post_pinterest.py:88: DeprecationWarning: datetime.datetime.utcnow() is deprecated and scheduled for removal in a future version. Use timezone-aware objects to represent datetimes in UTC: datetime.datetime.now(datetime.UTC).
  "ts": dt.datetime.utcnow().strftime("%Y-%m-%dT%H:%M:%SZ"),
/home/ianmcwherter/golden-home-project/automation/post_pinterest.py:335: DeprecationWarning: datetime.datetime.utcnow() is deprecated and scheduled for removal in a future version. Use timezone-aware objects to represent datetimes in UTC: datetime.datetime.now(datetime.UTC).
  pin["posted_at"] = dt.datetime.utcnow().strftime("%Y-%m-%dT%H:%M:%SZ")
[pinterest] pin-2026-08-09-B0B6PLG6G2: published
[pinterest] 1 pin(s) published; 29 pending.
/home/ianmcwherter/golden-home-project/automation/post_pinterest.py:120: DeprecationWarning: datetime.datetime.utcnow() is deprecated and scheduled for removal in a future version. Use timezone-aware objects to represent datetimes in UTC: datetime.datetime.now(datetime.UTC).
  today = dt.datetime.utcnow().strftime("%Y-%m-%d")
/home/ianmcwherter/golden-home-project/automation/post_pinterest.py:70: DeprecationWarning: datetime.datetime.utcnow() is deprecated and scheduled for removal in a future version. Use timezone-aware objects to represent datetimes in UTC: datetime.datetime.now(datetime.UTC).
  e = {"ts": dt.datetime.utcnow().strftime("%Y-%m-%dT%H:%M:%SZ"),
/home/ianmcwherter/golden-home-project/automation/post_pinterest.py:88: DeprecationWarning: datetime.datetime.utcnow() is deprecated and scheduled for removal in a future version. Use timezone-aware objects to represent datetimes in UTC: datetime.datetime.now(datetime.UTC).
  "ts": dt.datetime.utcnow().strftime("%Y-%m-%dT%H:%M:%SZ"),
/home/ianmcwherter/golden-home-project/automation/post_pinterest.py:335: DeprecationWarning: datetime.datetime.utcnow() is deprecated and scheduled for removal in a future version. Use timezone-aware objects to represent datetimes in UTC: datetime.datetime.now(datetime.UTC).
  pin["posted_at"] = dt.datetime.utcnow().strftime("%Y-%m-%dT%H:%M:%SZ")
/home/ianmcwherter/golden-home-project/automation/post_pinterest.py:70: DeprecationWarning: datetime.datetime.utcnow() is deprecated and scheduled for removal in a future version. Use timezone-aware objects to represent datetimes in UTC: datetime.datetime.now(datetime.UTC).
  e = {"ts": dt.datetime.utcnow().strftime("%Y-%m-%dT%H:%M:%SZ"),
/home/ianmcwherter/golden-home-project/automation/post_pinterest.py:88: DeprecationWarning: datetime.datetime.utcnow() is deprecated and scheduled for removal in a future version. Use timezone-aware objects to represent datetimes in UTC: datetime.datetime.now(datetime.UTC).
  "ts": dt.datetime.utcnow().strftime("%Y-%m-%dT%H:%M:%SZ"),
/home/ianmcwherter/golden-home-project/automation/post_pinterest.py:335: DeprecationWarning: datetime.datetime.utcnow() is deprecated and scheduled for removal in a future version. Use timezone-aware objects to represent datetimes in UTC: datetime.datetime.now(datetime.UTC).
  pin["posted_at"] = dt.datetime.utcnow().strftime("%Y-%m-%dT%H:%M:%SZ")
/home/ianmcwherter/golden-home-project/automation/post_pinterest.py:70: DeprecationWarning: datetime.datetime.utcnow() is deprecated and scheduled for removal in a future version. Use timezone-aware objects to represent datetimes in UTC: datetime.datetime.now(datetime.UTC).
  e = {"ts": dt.datetime.utcnow().strftime("%Y-%m-%dT%H:%M:%SZ"),
/home/ianmcwherter/golden-home-project/automation/post_pinterest.py:88: DeprecationWarning: datetime.datetime.utcnow() is deprecated and scheduled for removal in a future version. Use timezone-aware objects to represent datetimes in UTC: datetime.datetime.now(datetime.UTC).
  "ts": dt.datetime.utcnow().strftime("%Y-%m-%dT%H:%M:%SZ"),
/home/ianmcwherter/golden-home-project/automation/post_pinterest.py:335: DeprecationWarning: datetime.datetime.utcnow() is deprecated and scheduled for removal in a future version. Use timezone-aware objects to represent datetimes in UTC: datetime.datetime.now(datetime.UTC).
  pin["posted_at"] = dt.datetime.utcnow().strftime("%Y-%m-%dT%H:%M:%SZ")
[pinterest] pin-2026-08-09-B08NCVT244: published
[pinterest] pin-2026-08-09-B078H9VRTZ: published
[pinterest] pin-2026-08-09-B00E4GACB8: published
[pinterest] 3 pin(s) published; 26 pending.
[agent-log] Pushed entry for Pinterest Pipeline
  [skip] B09B126SSJ status='dead' — not ASIN-verified
  [claude] copy failed (claude CLI failed after 3 retries: Error: Reached max turns (1)); using template
  [pexels] key sha256[:8]=c788d83a
  [pexels] hit 'minimal organized home' -> bg-2026-08-13-B0738B8SQS.jpg
  [pin] B0738B8SQS board='Home Organization Finds' link=amazon -> social/pinterest/pin-2026-08-13-B0738B8SQS.png
  [skip] B075NS8YXG status='dead' — not ASIN-verified
  [skip] B08573DQ39 status='dead' — not ASIN-verified
  [skip] B0F29FLLJZ status='dead' — not ASIN-verified
  [pexels] key sha256[:8]=c788d83a
  [pexels] hit 'shower glass door cleaning' -> bg-2026-08-13-B0F24MHHFD.jpg
  [pin] B0F24MHHFD board='Home Organization Finds' link=amazon -> social/pinterest/pin-2026-08-13-B0F24MHHFD.png
  [pexels] key sha256[:8]=c788d83a
  [pexels] hit 'shower caddy organizer' -> bg-2026-08-13-B0D1BZJSX4.jpg
  [pin] B0D1BZJSX4 board='Home Organization Finds' link=amazon -> social/pinterest/pin-2026-08-13-B0D1BZJSX4.png
  [pexels] key sha256[:8]=c788d83a
  [pexels] hit 'bathtub mat bathroom' -> bg-2026-08-13-B0BHSFZNFY.jpg
  [pin] B0BHSFZNFY board='Home Organization Finds' link=amazon -> social/pinterest/pin-2026-08-13-B0BHSFZNFY.png
[pinterest] generated 4 new pin(s); queue now 94 total -> social/pinterest_queue.json
/home/ianmcwherter/golden-home-project/automation/post_pinterest.py:120: DeprecationWarning: datetime.datetime.utcnow() is deprecated and scheduled for removal in a future version. Use timezone-aware objects to represent datetimes in UTC: datetime.datetime.now(datetime.UTC).
  today = dt.datetime.utcnow().strftime("%Y-%m-%d")
/home/ianmcwherter/golden-home-project/automation/post_pinterest.py:70: DeprecationWarning: datetime.datetime.utcnow() is deprecated and scheduled for removal in a future version. Use timezone-aware objects to represent datetimes in UTC: datetime.datetime.now(datetime.UTC).
  e = {"ts": dt.datetime.utcnow().strftime("%Y-%m-%dT%H:%M:%SZ"),
/home/ianmcwherter/golden-home-project/automation/post_pinterest.py:88: DeprecationWarning: datetime.datetime.utcnow() is deprecated and scheduled for removal in a future version. Use timezone-aware objects to represent datetimes in UTC: datetime.datetime.now(datetime.UTC).
  "ts": dt.datetime.utcnow().strftime("%Y-%m-%dT%H:%M:%SZ"),
/home/ianmcwherter/golden-home-project/automation/post_pinterest.py:335: DeprecationWarning: datetime.datetime.utcnow() is deprecated and scheduled for removal in a future version. Use timezone-aware objects to represent datetimes in UTC: datetime.datetime.now(datetime.UTC).
  pin["posted_at"] = dt.datetime.utcnow().strftime("%Y-%m-%dT%H:%M:%SZ")
[pinterest] pin-2026-08-10-B00FXNAAW2: published
[pinterest] 1 pin(s) published; 29 pending.
/home/ianmcwherter/golden-home-project/automation/post_pinterest.py:120: DeprecationWarning: datetime.datetime.utcnow() is deprecated and scheduled for removal in a future version. Use timezone-aware objects to represent datetimes in UTC: datetime.datetime.now(datetime.UTC).
  today = dt.datetime.utcnow().strftime("%Y-%m-%d")
/home/ianmcwherter/golden-home-project/automation/post_pinterest.py:70: DeprecationWarning: datetime.datetime.utcnow() is deprecated and scheduled for removal in a future version. Use timezone-aware objects to represent datetimes in UTC: datetime.datetime.now(datetime.UTC).
  e = {"ts": dt.datetime.utcnow().strftime("%Y-%m-%dT%H:%M:%SZ"),
/home/ianmcwherter/golden-home-project/automation/post_pinterest.py:88: DeprecationWarning: datetime.datetime.utcnow() is deprecated and scheduled for removal in a future version. Use timezone-aware objects to represent datetimes in UTC: datetime.datetime.now(datetime.UTC).
  "ts": dt.datetime.utcnow().strftime("%Y-%m-%dT%H:%M:%SZ"),
/home/ianmcwherter/golden-home-project/automation/post_pinterest.py:335: DeprecationWarning: datetime.datetime.utcnow() is deprecated and scheduled for removal in a future version. Use timezone-aware objects to represent datetimes in UTC: datetime.datetime.now(datetime.UTC).
  pin["posted_at"] = dt.datetime.utcnow().strftime("%Y-%m-%dT%H:%M:%SZ")
/home/ianmcwherter/golden-home-project/automation/post_pinterest.py:70: DeprecationWarning: datetime.datetime.utcnow() is deprecated and scheduled for removal in a future version. Use timezone-aware objects to represent datetimes in UTC: datetime.datetime.now(datetime.UTC).
  e = {"ts": dt.datetime.utcnow().strftime("%Y-%m-%dT%H:%M:%SZ"),
/home/ianmcwherter/golden-home-project/automation/post_pinterest.py:88: DeprecationWarning: datetime.datetime.utcnow() is deprecated and scheduled for removal in a future version. Use timezone-aware objects to represent datetimes in UTC: datetime.datetime.now(datetime.UTC).
  "ts": dt.datetime.utcnow().strftime("%Y-%m-%dT%H:%M:%SZ"),
/home/ianmcwherter/golden-home-project/automation/post_pinterest.py:335: DeprecationWarning: datetime.datetime.utcnow() is deprecated and scheduled for removal in a future version. Use timezone-aware objects to represent datetimes in UTC: datetime.datetime.now(datetime.UTC).
  pin["posted_at"] = dt.datetime.utcnow().strftime("%Y-%m-%dT%H:%M:%SZ")
/home/ianmcwherter/golden-home-project/automation/post_pinterest.py:70: DeprecationWarning: datetime.datetime.utcnow() is deprecated and scheduled for removal in a future version. Use timezone-aware objects to represent datetimes in UTC: datetime.datetime.now(datetime.UTC).
  e = {"ts": dt.datetime.utcnow().strftime("%Y-%m-%dT%H:%M:%SZ"),
/home/ianmcwherter/golden-home-project/automation/post_pinterest.py:88: DeprecationWarning: datetime.datetime.utcnow() is deprecated and scheduled for removal in a future version. Use timezone-aware objects to represent datetimes in UTC: datetime.datetime.now(datetime.UTC).
  "ts": dt.datetime.utcnow().strftime("%Y-%m-%dT%H:%M:%SZ"),
/home/ianmcwherter/golden-home-project/automation/post_pinterest.py:335: DeprecationWarning: datetime.datetime.utcnow() is deprecated and scheduled for removal in a future version. Use timezone-aware objects to represent datetimes in UTC: datetime.datetime.now(datetime.UTC).
  pin["posted_at"] = dt.datetime.utcnow().strftime("%Y-%m-%dT%H:%M:%SZ")
[pinterest] pin-2026-08-10-B0BQR2BQYZ: published
[pinterest] pin-2026-08-10-B08QRFZ6TH: published
[pinterest] pin-2026-08-10-B01NBNDC1T: published
[pinterest] 3 pin(s) published; 26 pending.
[agent-log] Pushed entry for Pinterest Pipeline
  [skip] B09B126SSJ status='dead' — not ASIN-verified
  [skip] B075NS8YXG status='dead' — not ASIN-verified
  [skip] B08573DQ39 status='dead' — not ASIN-verified
  [skip] B0F29FLLJZ status='dead' — not ASIN-verified
  [claude] copy failed (claude CLI failed after 3 retries: Error: Reached max turns (1)); using template
  [pexels] key sha256[:8]=c788d83a
  [pexels] hit 'minimal organized home' -> bg-2026-08-14-B08B1B1B2X.jpg
  [pin] B08B1B1B2X board='Home Organization Finds' link=blog -> social/pinterest/pin-2026-08-14-B08B1B1B2X.png
  [claude] copy failed (claude CLI failed after 3 retries: Error: Reached max turns (1)); using template
  [pexels] key sha256[:8]=c788d83a
  [pexels] hit 'minimal organized home' -> bg-2026-08-14-B09ZYRCNJH.jpg
  [pin] B09ZYRCNJH board='Home Organization Finds' link=blog -> social/pinterest/pin-2026-08-14-B09ZYRCNJH.png
  [pexels] key sha256[:8]=c788d83a
  [pexels] hit 'woman hair towel wrap' -> bg-2026-08-14-B08S31RWBK.jpg
  [pin] B08S31RWBK board='Home Organization Finds' link=blog -> social/pinterest/pin-2026-08-14-B08S31RWBK.png
  [pexels] key sha256[:8]=c788d83a
  [pexels] hit 'kids bento lunch box' -> bg-2026-08-14-B08CVT84C9.jpg
  [pin] B08CVT84C9 board='Home Organization Finds' link=blog -> social/pinterest/pin-2026-08-14-B08CVT84C9.png
[pinterest] generated 4 new pin(s); queue now 98 total -> social/pinterest_queue.json
/home/ianmcwherter/golden-home-project/automation/post_pinterest.py:120: DeprecationWarning: datetime.datetime.utcnow() is deprecated and scheduled for removal in a future version. Use timezone-aware objects to represent datetimes in UTC: datetime.datetime.now(datetime.UTC).
  today = dt.datetime.utcnow().strftime("%Y-%m-%d")
/home/ianmcwherter/golden-home-project/automation/post_pinterest.py:70: DeprecationWarning: datetime.datetime.utcnow() is deprecated and scheduled for removal in a future version. Use timezone-aware objects to represent datetimes in UTC: datetime.datetime.now(datetime.UTC).
  e = {"ts": dt.datetime.utcnow().strftime("%Y-%m-%dT%H:%M:%SZ"),
/home/ianmcwherter/golden-home-project/automation/post_pinterest.py:88: DeprecationWarning: datetime.datetime.utcnow() is deprecated and scheduled for removal in a future version. Use timezone-aware objects to represent datetimes in UTC: datetime.datetime.now(datetime.UTC).
  "ts": dt.datetime.utcnow().strftime("%Y-%m-%dT%H:%M:%SZ"),
/home/ianmcwherter/golden-home-project/automation/post_pinterest.py:335: DeprecationWarning: datetime.datetime.utcnow() is deprecated and scheduled for removal in a future version. Use timezone-aware objects to represent datetimes in UTC: datetime.datetime.now(datetime.UTC).
  pin["posted_at"] = dt.datetime.utcnow().strftime("%Y-%m-%dT%H:%M:%SZ")
[pinterest] pin-2026-08-11-B01CS31R94: published
[pinterest] 1 pin(s) published; 29 pending.
/home/ianmcwherter/golden-home-project/automation/post_pinterest.py:120: DeprecationWarning: datetime.datetime.utcnow() is deprecated and scheduled for removal in a future version. Use timezone-aware objects to represent datetimes in UTC: datetime.datetime.now(datetime.UTC).
  today = dt.datetime.utcnow().strftime("%Y-%m-%d")
/home/ianmcwherter/golden-home-project/automation/post_pinterest.py:70: DeprecationWarning: datetime.datetime.utcnow() is deprecated and scheduled for removal in a future version. Use timezone-aware objects to represent datetimes in UTC: datetime.datetime.now(datetime.UTC).
  e = {"ts": dt.datetime.utcnow().strftime("%Y-%m-%dT%H:%M:%SZ"),
/home/ianmcwherter/golden-home-project/automation/post_pinterest.py:88: DeprecationWarning: datetime.datetime.utcnow() is deprecated and scheduled for removal in a future version. Use timezone-aware objects to represent datetimes in UTC: datetime.datetime.now(datetime.UTC).
  "ts": dt.datetime.utcnow().strftime("%Y-%m-%dT%H:%M:%SZ"),
/home/ianmcwherter/golden-home-project/automation/post_pinterest.py:335: DeprecationWarning: datetime.datetime.utcnow() is deprecated and scheduled for removal in a future version. Use timezone-aware objects to represent datetimes in UTC: datetime.datetime.now(datetime.UTC).
  pin["posted_at"] = dt.datetime.utcnow().strftime("%Y-%m-%dT%H:%M:%SZ")
/home/ianmcwherter/golden-home-project/automation/post_pinterest.py:70: DeprecationWarning: datetime.datetime.utcnow() is deprecated and scheduled for removal in a future version. Use timezone-aware objects to represent datetimes in UTC: datetime.datetime.now(datetime.UTC).
  e = {"ts": dt.datetime.utcnow().strftime("%Y-%m-%dT%H:%M:%SZ"),
/home/ianmcwherter/golden-home-project/automation/post_pinterest.py:88: DeprecationWarning: datetime.datetime.utcnow() is deprecated and scheduled for removal in a future version. Use timezone-aware objects to represent datetimes in UTC: datetime.datetime.now(datetime.UTC).
  "ts": dt.datetime.utcnow().strftime("%Y-%m-%dT%H:%M:%SZ"),
/home/ianmcwherter/golden-home-project/automation/post_pinterest.py:335: DeprecationWarning: datetime.datetime.utcnow() is deprecated and scheduled for removal in a future version. Use timezone-aware objects to represent datetimes in UTC: datetime.datetime.now(datetime.UTC).
  pin["posted_at"] = dt.datetime.utcnow().strftime("%Y-%m-%dT%H:%M:%SZ")
/home/ianmcwherter/golden-home-project/automation/post_pinterest.py:70: DeprecationWarning: datetime.datetime.utcnow() is deprecated and scheduled for removal in a future version. Use timezone-aware objects to represent datetimes in UTC: datetime.datetime.now(datetime.UTC).
  e = {"ts": dt.datetime.utcnow().strftime("%Y-%m-%dT%H:%M:%SZ"),
/home/ianmcwherter/golden-home-project/automation/post_pinterest.py:88: DeprecationWarning: datetime.datetime.utcnow() is deprecated and scheduled for removal in a future version. Use timezone-aware objects to represent datetimes in UTC: datetime.datetime.now(datetime.UTC).
  "ts": dt.datetime.utcnow().strftime("%Y-%m-%dT%H:%M:%SZ"),
/home/ianmcwherter/golden-home-project/automation/post_pinterest.py:335: DeprecationWarning: datetime.datetime.utcnow() is deprecated and scheduled for removal in a future version. Use timezone-aware objects to represent datetimes in UTC: datetime.datetime.now(datetime.UTC).
  pin["posted_at"] = dt.datetime.utcnow().strftime("%Y-%m-%dT%H:%M:%SZ")
[pinterest] pin-2026-08-11-B0815BLNX1: published
[pinterest] pin-2026-08-11-B0D89V1RX1: published
[pinterest] pin-2026-08-11-B0B7WQVYGF: published
[pinterest] 3 pin(s) published; 26 pending.
[agent-log] Pushed entry for Pinterest Pipeline
  [skip] B09B126SSJ status='dead' — not ASIN-verified
  [skip] B075NS8YXG status='dead' — not ASIN-verified
  [skip] B08573DQ39 status='dead' — not ASIN-verified
  [skip] B0F29FLLJZ status='dead' — not ASIN-verified
  [claude] copy failed (claude CLI failed after 3 retries: Error: Reached max turns (1)); using template
  [pexels] key sha256[:8]=c788d83a
  [pexels] hit 'minimal organized home' -> bg-2026-08-15-B0CQVWT2NH.jpg
  [pin] B0CQVWT2NH board='Home Organization Finds' link=blog -> social/pinterest/pin-2026-08-15-B0CQVWT2NH.png
  [skip] B0C3FTCYZL commodity/consumable — Zevo Flying Insect Trap Refill Cartridges fo
  [claude] copy failed (claude CLI failed after 3 retries: Error: Reached max turns (1)); using template
  [pexels] key sha256[:8]=c788d83a
  [pexels] hit 'minimal organized home' -> bg-2026-08-15-B0B1CNJL7N.jpg
  [pin] B0B1CNJL7N board='Home Organization Finds' link=amazon -> social/pinterest/pin-2026-08-15-B0B1CNJL7N.png
  [pexels] key sha256[:8]=c788d83a
  [pexels] hit 'handheld fan travel bag' -> bg-2026-08-15-B0D97YVVQ2.jpg
  [pin] B0D97YVVQ2 board='Home Organization Finds' link=amazon -> social/pinterest/pin-2026-08-15-B0D97YVVQ2.png
  [pexels] key sha256[:8]=c788d83a
  [pexels] hit 'wall hooks coats towels' -> bg-2026-08-15-B0BNL5MBMY.jpg
  [pin] B0BNL5MBMY board='Home Organization Finds' link=amazon -> social/pinterest/pin-2026-08-15-B0BNL5MBMY.png
[pinterest] generated 4 new pin(s); queue now 102 total -> social/pinterest_queue.json
/home/ianmcwherter/golden-home-project/automation/post_pinterest.py:120: DeprecationWarning: datetime.datetime.utcnow() is deprecated and scheduled for removal in a future version. Use timezone-aware objects to represent datetimes in UTC: datetime.datetime.now(datetime.UTC).
  today = dt.datetime.utcnow().strftime("%Y-%m-%d")
[pinterest] pin-2026-08-11-B00FXNABPI: error:goto:Page.goto: Timeout 25000ms exceeded.
Call log:
  - navigating to "https://www.pinterest.com/pin-builder/", waiting until "domcontentloaded"

[pinterest] 0 pin(s) published; 30 pending.
/home/ianmcwherter/golden-home-project/automation/post_pinterest.py:120: DeprecationWarning: datetime.datetime.utcnow() is deprecated and scheduled for removal in a future version. Use timezone-aware objects to represent datetimes in UTC: datetime.datetime.now(datetime.UTC).
  today = dt.datetime.utcnow().strftime("%Y-%m-%d")
[pinterest] pin-2026-08-11-B00FXNABPI: error:goto:Page.goto: Timeout 25000ms exceeded.
Call log:
  - navigating to "https://www.pinterest.com/pin-builder/", waiting until "domcontentloaded"

[pinterest] pin-2026-08-11-B0DGF616XN: error:goto:Page.goto: Timeout 25000ms exceeded.
Call log:
  - navigating to "https://www.pinterest.com/pin-builder/", waiting until "domcontentloaded"

[pinterest] pin-2026-08-11-B07712H557: error:goto:Page.goto: Timeout 25000ms exceeded.
Call log:
  - navigating to "https://www.pinterest.com/pin-builder/", waiting until "domcontentloaded"

[pinterest] pin-2026-08-11-B0C3QZ7SNF: error:goto:Page.goto: Timeout 25000ms exceeded.
Call log:
  - navigating to "https://www.pinterest.com/pin-builder/", waiting until "domcontentloaded"

[pinterest] 0 pin(s) published; 30 pending.
  [skip] B09B126SSJ status='dead' — not ASIN-verified
  [skip] B075NS8YXG status='dead' — not ASIN-verified
  [skip] B08573DQ39 status='dead' — not ASIN-verified
  [skip] B0F29FLLJZ status='dead' — not ASIN-verified
  [skip] B0C3FTCYZL commodity/consumable — Zevo Flying Insect Trap Refill Cartridges fo
[pinterest] generated 0 new pin(s); queue now 102 total -> social/pinterest_queue.json
/home/ianmcwherter/golden-home-project/automation/post_pinterest.py:120: DeprecationWarning: datetime.datetime.utcnow() is deprecated and scheduled for removal in a future version. Use timezone-aware objects to represent datetimes in UTC: datetime.datetime.now(datetime.UTC).
  today = dt.datetime.utcnow().strftime("%Y-%m-%d")
/home/ianmcwherter/golden-home-project/automation/post_pinterest.py:70: DeprecationWarning: datetime.datetime.utcnow() is deprecated and scheduled for removal in a future version. Use timezone-aware objects to represent datetimes in UTC: datetime.datetime.now(datetime.UTC).
  e = {"ts": dt.datetime.utcnow().strftime("%Y-%m-%dT%H:%M:%SZ"),
/home/ianmcwherter/golden-home-project/automation/post_pinterest.py:88: DeprecationWarning: datetime.datetime.utcnow() is deprecated and scheduled for removal in a future version. Use timezone-aware objects to represent datetimes in UTC: datetime.datetime.now(datetime.UTC).
  "ts": dt.datetime.utcnow().strftime("%Y-%m-%dT%H:%M:%SZ"),
/home/ianmcwherter/golden-home-project/automation/post_pinterest.py:335: DeprecationWarning: datetime.datetime.utcnow() is deprecated and scheduled for removal in a future version. Use timezone-aware objects to represent datetimes in UTC: datetime.datetime.now(datetime.UTC).
  pin["posted_at"] = dt.datetime.utcnow().strftime("%Y-%m-%dT%H:%M:%SZ")
[pinterest] pin-2026-08-11-B00FXNABPI: published
[pinterest] 1 pin(s) published; 29 pending.
/home/ianmcwherter/golden-home-project/automation/post_pinterest.py:120: DeprecationWarning: datetime.datetime.utcnow() is deprecated and scheduled for removal in a future version. Use timezone-aware objects to represent datetimes in UTC: datetime.datetime.now(datetime.UTC).
  today = dt.datetime.utcnow().strftime("%Y-%m-%d")
/home/ianmcwherter/golden-home-project/automation/post_pinterest.py:70: DeprecationWarning: datetime.datetime.utcnow() is deprecated and scheduled for removal in a future version. Use timezone-aware objects to represent datetimes in UTC: datetime.datetime.now(datetime.UTC).
  e = {"ts": dt.datetime.utcnow().strftime("%Y-%m-%dT%H:%M:%SZ"),
/home/ianmcwherter/golden-home-project/automation/post_pinterest.py:88: DeprecationWarning: datetime.datetime.utcnow() is deprecated and scheduled for removal in a future version. Use timezone-aware objects to represent datetimes in UTC: datetime.datetime.now(datetime.UTC).
  "ts": dt.datetime.utcnow().strftime("%Y-%m-%dT%H:%M:%SZ"),
/home/ianmcwherter/golden-home-project/automation/post_pinterest.py:335: DeprecationWarning: datetime.datetime.utcnow() is deprecated and scheduled for removal in a future version. Use timezone-aware objects to represent datetimes in UTC: datetime.datetime.now(datetime.UTC).
  pin["posted_at"] = dt.datetime.utcnow().strftime("%Y-%m-%dT%H:%M:%SZ")
/home/ianmcwherter/golden-home-project/automation/post_pinterest.py:70: DeprecationWarning: datetime.datetime.utcnow() is deprecated and scheduled for removal in a future version. Use timezone-aware objects to represent datetimes in UTC: datetime.datetime.now(datetime.UTC).
  e = {"ts": dt.datetime.utcnow().strftime("%Y-%m-%dT%H:%M:%SZ"),
/home/ianmcwherter/golden-home-project/automation/post_pinterest.py:88: DeprecationWarning: datetime.datetime.utcnow() is deprecated and scheduled for removal in a future version. Use timezone-aware objects to represent datetimes in UTC: datetime.datetime.now(datetime.UTC).
  "ts": dt.datetime.utcnow().strftime("%Y-%m-%dT%H:%M:%SZ"),
/home/ianmcwherter/golden-home-project/automation/post_pinterest.py:335: DeprecationWarning: datetime.datetime.utcnow() is deprecated and scheduled for removal in a future version. Use timezone-aware objects to represent datetimes in UTC: datetime.datetime.now(datetime.UTC).
  pin["posted_at"] = dt.datetime.utcnow().strftime("%Y-%m-%dT%H:%M:%SZ")
/home/ianmcwherter/golden-home-project/automation/post_pinterest.py:70: DeprecationWarning: datetime.datetime.utcnow() is deprecated and scheduled for removal in a future version. Use timezone-aware objects to represent datetimes in UTC: datetime.datetime.now(datetime.UTC).
  e = {"ts": dt.datetime.utcnow().strftime("%Y-%m-%dT%H:%M:%SZ"),
/home/ianmcwherter/golden-home-project/automation/post_pinterest.py:88: DeprecationWarning: datetime.datetime.utcnow() is deprecated and scheduled for removal in a future version. Use timezone-aware objects to represent datetimes in UTC: datetime.datetime.now(datetime.UTC).
  "ts": dt.datetime.utcnow().strftime("%Y-%m-%dT%H:%M:%SZ"),
/home/ianmcwherter/golden-home-project/automation/post_pinterest.py:335: DeprecationWarning: datetime.datetime.utcnow() is deprecated and scheduled for removal in a future version. Use timezone-aware objects to represent datetimes in UTC: datetime.datetime.now(datetime.UTC).
  pin["posted_at"] = dt.datetime.utcnow().strftime("%Y-%m-%dT%H:%M:%SZ")
[pinterest] pin-2026-08-11-B0DGF616XN: published
[pinterest] pin-2026-08-11-B07712H557: published
[pinterest] pin-2026-08-11-B0C3QZ7SNF: published
[pinterest] 3 pin(s) published; 26 pending.
[agent-log] Pushed entry for Pinterest Pipeline
  [skip] B09B126SSJ status='dead' — not ASIN-verified
  [skip] B075NS8YXG status='dead' — not ASIN-verified
  [skip] B08573DQ39 status='dead' — not ASIN-verified
  [skip] B0F29FLLJZ status='dead' — not ASIN-verified
  [pexels] key sha256[:8]=c788d83a
  [pexels] hit 'picture frames gallery wall' -> bg-2026-08-17-B08XVP48KQ.jpg
  [pin] B08XVP48KQ board='Home Organization Finds' link=blog -> social/pinterest/pin-2026-08-17-B08XVP48KQ.png
  [skip] B0C3FTCYZL commodity/consumable — Zevo Flying Insect Trap Refill Cartridges fo
[pinterest] generated 1 new pin(s); queue now 103 total -> social/pinterest_queue.json
/home/ianmcwherter/golden-home-project/automation/post_pinterest.py:120: DeprecationWarning: datetime.datetime.utcnow() is deprecated and scheduled for removal in a future version. Use timezone-aware objects to represent datetimes in UTC: datetime.datetime.now(datetime.UTC).
  today = dt.datetime.utcnow().strftime("%Y-%m-%d")
/home/ianmcwherter/golden-home-project/automation/post_pinterest.py:70: DeprecationWarning: datetime.datetime.utcnow() is deprecated and scheduled for removal in a future version. Use timezone-aware objects to represent datetimes in UTC: datetime.datetime.now(datetime.UTC).
  e = {"ts": dt.datetime.utcnow().strftime("%Y-%m-%dT%H:%M:%SZ"),
/home/ianmcwherter/golden-home-project/automation/post_pinterest.py:88: DeprecationWarning: datetime.datetime.utcnow() is deprecated and scheduled for removal in a future version. Use timezone-aware objects to represent datetimes in UTC: datetime.datetime.now(datetime.UTC).
  "ts": dt.datetime.utcnow().strftime("%Y-%m-%dT%H:%M:%SZ"),
/home/ianmcwherter/golden-home-project/automation/post_pinterest.py:354: DeprecationWarning: datetime.datetime.utcnow() is deprecated and scheduled for removal in a future version. Use timezone-aware objects to represent datetimes in UTC: datetime.datetime.now(datetime.UTC).
  pin["posted_at"] = dt.datetime.utcnow().strftime("%Y-%m-%dT%H:%M:%SZ")
[pinterest] pin-2026-08-11-B0B56CHMSC: publish_unconfirmed
  -> stopping: clicked publish but saw no success toast. Marked posted (unconfirmed) to prevent duplicate re-posts; verify on the profile.
/home/ianmcwherter/golden-home-project/automation/post_pinterest.py:120: DeprecationWarning: datetime.datetime.utcnow() is deprecated and scheduled for removal in a future version. Use timezone-aware objects to represent datetimes in UTC: datetime.datetime.now(datetime.UTC).
  today = dt.datetime.utcnow().strftime("%Y-%m-%d")
[pinterest] daily cap (8) reached; 19 still pending.
  [skip] B09B126SSJ status='dead' — not ASIN-verified
  [skip] B075NS8YXG status='dead' — not ASIN-verified
  [skip] B08573DQ39 status='dead' — not ASIN-verified
  [skip] B0F29FLLJZ status='dead' — not ASIN-verified
[pinterest] generated 0 new pin(s); queue now 103 total -> social/pinterest_queue.json
[pin-gen] nothing new to commit
/home/ianmcwherter/golden-home-project/automation/post_pinterest.py:120: DeprecationWarning: datetime.datetime.utcnow() is deprecated and scheduled for removal in a future version. Use timezone-aware objects to represent datetimes in UTC: datetime.datetime.now(datetime.UTC).
  today = dt.datetime.utcnow().strftime("%Y-%m-%d")
/home/ianmcwherter/golden-home-project/automation/post_pinterest.py:70: DeprecationWarning: datetime.datetime.utcnow() is deprecated and scheduled for removal in a future version. Use timezone-aware objects to represent datetimes in UTC: datetime.datetime.now(datetime.UTC).
  e = {"ts": dt.datetime.utcnow().strftime("%Y-%m-%dT%H:%M:%SZ"),
/home/ianmcwherter/golden-home-project/automation/post_pinterest.py:88: DeprecationWarning: datetime.datetime.utcnow() is deprecated and scheduled for removal in a future version. Use timezone-aware objects to represent datetimes in UTC: datetime.datetime.now(datetime.UTC).
  "ts": dt.datetime.utcnow().strftime("%Y-%m-%dT%H:%M:%SZ"),
/home/ianmcwherter/golden-home-project/automation/post_pinterest.py:335: DeprecationWarning: datetime.datetime.utcnow() is deprecated and scheduled for removal in a future version. Use timezone-aware objects to represent datetimes in UTC: datetime.datetime.now(datetime.UTC).
  pin["posted_at"] = dt.datetime.utcnow().strftime("%Y-%m-%dT%H:%M:%SZ")
[pinterest] pin-2026-08-11-B09GBDQVGY: published
[pinterest] 1 pin(s) published; 18 pending.
/home/ianmcwherter/golden-home-project/automation/post_pinterest.py:120: DeprecationWarning: datetime.datetime.utcnow() is deprecated and scheduled for removal in a future version. Use timezone-aware objects to represent datetimes in UTC: datetime.datetime.now(datetime.UTC).
  today = dt.datetime.utcnow().strftime("%Y-%m-%d")
/home/ianmcwherter/golden-home-project/automation/post_pinterest.py:70: DeprecationWarning: datetime.datetime.utcnow() is deprecated and scheduled for removal in a future version. Use timezone-aware objects to represent datetimes in UTC: datetime.datetime.now(datetime.UTC).
  e = {"ts": dt.datetime.utcnow().strftime("%Y-%m-%dT%H:%M:%SZ"),
/home/ianmcwherter/golden-home-project/automation/post_pinterest.py:88: DeprecationWarning: datetime.datetime.utcnow() is deprecated and scheduled for removal in a future version. Use timezone-aware objects to represent datetimes in UTC: datetime.datetime.now(datetime.UTC).
  "ts": dt.datetime.utcnow().strftime("%Y-%m-%dT%H:%M:%SZ"),
/home/ianmcwherter/golden-home-project/automation/post_pinterest.py:335: DeprecationWarning: datetime.datetime.utcnow() is deprecated and scheduled for removal in a future version. Use timezone-aware objects to represent datetimes in UTC: datetime.datetime.now(datetime.UTC).
  pin["posted_at"] = dt.datetime.utcnow().strftime("%Y-%m-%dT%H:%M:%SZ")
/home/ianmcwherter/golden-home-project/automation/post_pinterest.py:70: DeprecationWarning: datetime.datetime.utcnow() is deprecated and scheduled for removal in a future version. Use timezone-aware objects to represent datetimes in UTC: datetime.datetime.now(datetime.UTC).
  e = {"ts": dt.datetime.utcnow().strftime("%Y-%m-%dT%H:%M:%SZ"),
/home/ianmcwherter/golden-home-project/automation/post_pinterest.py:88: DeprecationWarning: datetime.datetime.utcnow() is deprecated and scheduled for removal in a future version. Use timezone-aware objects to represent datetimes in UTC: datetime.datetime.now(datetime.UTC).
  "ts": dt.datetime.utcnow().strftime("%Y-%m-%dT%H:%M:%SZ"),
/home/ianmcwherter/golden-home-project/automation/post_pinterest.py:335: DeprecationWarning: datetime.datetime.utcnow() is deprecated and scheduled for removal in a future version. Use timezone-aware objects to represent datetimes in UTC: datetime.datetime.now(datetime.UTC).
  pin["posted_at"] = dt.datetime.utcnow().strftime("%Y-%m-%dT%H:%M:%SZ")
/home/ianmcwherter/golden-home-project/automation/post_pinterest.py:70: DeprecationWarning: datetime.datetime.utcnow() is deprecated and scheduled for removal in a future version. Use timezone-aware objects to represent datetimes in UTC: datetime.datetime.now(datetime.UTC).
  e = {"ts": dt.datetime.utcnow().strftime("%Y-%m-%dT%H:%M:%SZ"),
/home/ianmcwherter/golden-home-project/automation/post_pinterest.py:88: DeprecationWarning: datetime.datetime.utcnow() is deprecated and scheduled for removal in a future version. Use timezone-aware objects to represent datetimes in UTC: datetime.datetime.now(datetime.UTC).
  "ts": dt.datetime.utcnow().strftime("%Y-%m-%dT%H:%M:%SZ"),
/home/ianmcwherter/golden-home-project/automation/post_pinterest.py:335: DeprecationWarning: datetime.datetime.utcnow() is deprecated and scheduled for removal in a future version. Use timezone-aware objects to represent datetimes in UTC: datetime.datetime.now(datetime.UTC).
  pin["posted_at"] = dt.datetime.utcnow().strftime("%Y-%m-%dT%H:%M:%SZ")
/home/ianmcwherter/golden-home-project/automation/post_pinterest.py:70: DeprecationWarning: datetime.datetime.utcnow() is deprecated and scheduled for removal in a future version. Use timezone-aware objects to represent datetimes in UTC: datetime.datetime.now(datetime.UTC).
  e = {"ts": dt.datetime.utcnow().strftime("%Y-%m-%dT%H:%M:%SZ"),
/home/ianmcwherter/golden-home-project/automation/post_pinterest.py:88: DeprecationWarning: datetime.datetime.utcnow() is deprecated and scheduled for removal in a future version. Use timezone-aware objects to represent datetimes in UTC: datetime.datetime.now(datetime.UTC).
  "ts": dt.datetime.utcnow().strftime("%Y-%m-%dT%H:%M:%SZ"),
/home/ianmcwherter/golden-home-project/automation/post_pinterest.py:335: DeprecationWarning: datetime.datetime.utcnow() is deprecated and scheduled for removal in a future version. Use timezone-aware objects to represent datetimes in UTC: datetime.datetime.now(datetime.UTC).
  pin["posted_at"] = dt.datetime.utcnow().strftime("%Y-%m-%dT%H:%M:%SZ")
/home/ianmcwherter/golden-home-project/automation/post_pinterest.py:70: DeprecationWarning: datetime.datetime.utcnow() is deprecated and scheduled for removal in a future version. Use timezone-aware objects to represent datetimes in UTC: datetime.datetime.now(datetime.UTC).
  e = {"ts": dt.datetime.utcnow().strftime("%Y-%m-%dT%H:%M:%SZ"),
/home/ianmcwherter/golden-home-project/automation/post_pinterest.py:88: DeprecationWarning: datetime.datetime.utcnow() is deprecated and scheduled for removal in a future version. Use timezone-aware objects to represent datetimes in UTC: datetime.datetime.now(datetime.UTC).
  "ts": dt.datetime.utcnow().strftime("%Y-%m-%dT%H:%M:%SZ"),
/home/ianmcwherter/golden-home-project/automation/post_pinterest.py:335: DeprecationWarning: datetime.datetime.utcnow() is deprecated and scheduled for removal in a future version. Use timezone-aware objects to represent datetimes in UTC: datetime.datetime.now(datetime.UTC).
  pin["posted_at"] = dt.datetime.utcnow().strftime("%Y-%m-%dT%H:%M:%SZ")
/home/ianmcwherter/golden-home-project/automation/post_pinterest.py:70: DeprecationWarning: datetime.datetime.utcnow() is deprecated and scheduled for removal in a future version. Use timezone-aware objects to represent datetimes in UTC: datetime.datetime.now(datetime.UTC).
  e = {"ts": dt.datetime.utcnow().strftime("%Y-%m-%dT%H:%M:%SZ"),
/home/ianmcwherter/golden-home-project/automation/post_pinterest.py:88: DeprecationWarning: datetime.datetime.utcnow() is deprecated and scheduled for removal in a future version. Use timezone-aware objects to represent datetimes in UTC: datetime.datetime.now(datetime.UTC).
  "ts": dt.datetime.utcnow().strftime("%Y-%m-%dT%H:%M:%SZ"),
/home/ianmcwherter/golden-home-project/automation/post_pinterest.py:335: DeprecationWarning: datetime.datetime.utcnow() is deprecated and scheduled for removal in a future version. Use timezone-aware objects to represent datetimes in UTC: datetime.datetime.now(datetime.UTC).
  pin["posted_at"] = dt.datetime.utcnow().strftime("%Y-%m-%dT%H:%M:%SZ")
/home/ianmcwherter/golden-home-project/automation/post_pinterest.py:70: DeprecationWarning: datetime.datetime.utcnow() is deprecated and scheduled for removal in a future version. Use timezone-aware objects to represent datetimes in UTC: datetime.datetime.now(datetime.UTC).
  e = {"ts": dt.datetime.utcnow().strftime("%Y-%m-%dT%H:%M:%SZ"),
/home/ianmcwherter/golden-home-project/automation/post_pinterest.py:88: DeprecationWarning: datetime.datetime.utcnow() is deprecated and scheduled for removal in a future version. Use timezone-aware objects to represent datetimes in UTC: datetime.datetime.now(datetime.UTC).
  "ts": dt.datetime.utcnow().strftime("%Y-%m-%dT%H:%M:%SZ"),
/home/ianmcwherter/golden-home-project/automation/post_pinterest.py:335: DeprecationWarning: datetime.datetime.utcnow() is deprecated and scheduled for removal in a future version. Use timezone-aware objects to represent datetimes in UTC: datetime.datetime.now(datetime.UTC).
  pin["posted_at"] = dt.datetime.utcnow().strftime("%Y-%m-%dT%H:%M:%SZ")
[pinterest] pin-2026-08-11-B07177XJK7: published
[pinterest] pin-2026-08-12-B0DZ254SSR: published
[pinterest] pin-2026-08-12-B00HZ0ION8: published
[pinterest] pin-2026-08-12-B0B99VKV8P: published
[pinterest] pin-2026-08-12-B0BBMK7RCF: published
[pinterest] pin-2026-08-13-B0738B8SQS: published
[pinterest] pin-2026-08-13-B0F24MHHFD: published
[pinterest] 7 pin(s) published; 11 pending.
[agent-log] Pushed entry for Pinterest Pipeline
  [skip] B09B126SSJ status='dead' — not ASIN-verified
  [skip] B075NS8YXG status='dead' — not ASIN-verified
  [skip] B08573DQ39 status='dead' — not ASIN-verified
  [skip] B0F29FLLJZ status='dead' — not ASIN-verified
  [pexels] key sha256[:8]=c788d83a
  [pexels] hit 'bathroom storage caddy' -> bg-2026-08-19-B00P7VW2H6.jpg
  [pin] B00P7VW2H6 board='Home Organization Finds' link=blog -> social/pinterest/pin-2026-08-19-B00P7VW2H6.png
  [pexels] key sha256[:8]=c788d83a
  [pexels] hit 'wall hooks closet organizer' -> bg-2026-08-19-B0BFMKYN12.jpg
  [pin] B0BFMKYN12 board='Home Organization Finds' link=blog -> social/pinterest/pin-2026-08-19-B0BFMKYN12.png
[pinterest] generated 2 new pin(s); queue now 105 total -> social/pinterest_queue.json
[pin-gen] pushed
/home/ianmcwherter/golden-home-project/automation/post_pinterest.py:120: DeprecationWarning: datetime.datetime.utcnow() is deprecated and scheduled for removal in a future version. Use timezone-aware objects to represent datetimes in UTC: datetime.datetime.now(datetime.UTC).
  today = dt.datetime.utcnow().strftime("%Y-%m-%d")
/home/ianmcwherter/golden-home-project/automation/post_pinterest.py:70: DeprecationWarning: datetime.datetime.utcnow() is deprecated and scheduled for removal in a future version. Use timezone-aware objects to represent datetimes in UTC: datetime.datetime.now(datetime.UTC).
  e = {"ts": dt.datetime.utcnow().strftime("%Y-%m-%dT%H:%M:%SZ"),
/home/ianmcwherter/golden-home-project/automation/post_pinterest.py:88: DeprecationWarning: datetime.datetime.utcnow() is deprecated and scheduled for removal in a future version. Use timezone-aware objects to represent datetimes in UTC: datetime.datetime.now(datetime.UTC).
  "ts": dt.datetime.utcnow().strftime("%Y-%m-%dT%H:%M:%SZ"),
/home/ianmcwherter/golden-home-project/automation/post_pinterest.py:335: DeprecationWarning: datetime.datetime.utcnow() is deprecated and scheduled for removal in a future version. Use timezone-aware objects to represent datetimes in UTC: datetime.datetime.now(datetime.UTC).
  pin["posted_at"] = dt.datetime.utcnow().strftime("%Y-%m-%dT%H:%M:%SZ")
[pinterest] pin-2026-08-13-B0D1BZJSX4: published
[pinterest] 1 pin(s) published; 12 pending.
/home/ianmcwherter/golden-home-project/automation/post_pinterest.py:120: DeprecationWarning: datetime.datetime.utcnow() is deprecated and scheduled for removal in a future version. Use timezone-aware objects to represent datetimes in UTC: datetime.datetime.now(datetime.UTC).
  today = dt.datetime.utcnow().strftime("%Y-%m-%d")
/home/ianmcwherter/golden-home-project/automation/post_pinterest.py:70: DeprecationWarning: datetime.datetime.utcnow() is deprecated and scheduled for removal in a future version. Use timezone-aware objects to represent datetimes in UTC: datetime.datetime.now(datetime.UTC).
  e = {"ts": dt.datetime.utcnow().strftime("%Y-%m-%dT%H:%M:%SZ"),
/home/ianmcwherter/golden-home-project/automation/post_pinterest.py:88: DeprecationWarning: datetime.datetime.utcnow() is deprecated and scheduled for removal in a future version. Use timezone-aware objects to represent datetimes in UTC: datetime.datetime.now(datetime.UTC).
  "ts": dt.datetime.utcnow().strftime("%Y-%m-%dT%H:%M:%SZ"),
/home/ianmcwherter/golden-home-project/automation/post_pinterest.py:335: DeprecationWarning: datetime.datetime.utcnow() is deprecated and scheduled for removal in a future version. Use timezone-aware objects to represent datetimes in UTC: datetime.datetime.now(datetime.UTC).
  pin["posted_at"] = dt.datetime.utcnow().strftime("%Y-%m-%dT%H:%M:%SZ")
/home/ianmcwherter/golden-home-project/automation/post_pinterest.py:70: DeprecationWarning: datetime.datetime.utcnow() is deprecated and scheduled for removal in a future version. Use timezone-aware objects to represent datetimes in UTC: datetime.datetime.now(datetime.UTC).
  e = {"ts": dt.datetime.utcnow().strftime("%Y-%m-%dT%H:%M:%SZ"),
/home/ianmcwherter/golden-home-project/automation/post_pinterest.py:88: DeprecationWarning: datetime.datetime.utcnow() is deprecated and scheduled for removal in a future version. Use timezone-aware objects to represent datetimes in UTC: datetime.datetime.now(datetime.UTC).
  "ts": dt.datetime.utcnow().strftime("%Y-%m-%dT%H:%M:%SZ"),
/home/ianmcwherter/golden-home-project/automation/post_pinterest.py:335: DeprecationWarning: datetime.datetime.utcnow() is deprecated and scheduled for removal in a future version. Use timezone-aware objects to represent datetimes in UTC: datetime.datetime.now(datetime.UTC).
  pin["posted_at"] = dt.datetime.utcnow().strftime("%Y-%m-%dT%H:%M:%SZ")
/home/ianmcwherter/golden-home-project/automation/post_pinterest.py:70: DeprecationWarning: datetime.datetime.utcnow() is deprecated and scheduled for removal in a future version. Use timezone-aware objects to represent datetimes in UTC: datetime.datetime.now(datetime.UTC).
  e = {"ts": dt.datetime.utcnow().strftime("%Y-%m-%dT%H:%M:%SZ"),
/home/ianmcwherter/golden-home-project/automation/post_pinterest.py:88: DeprecationWarning: datetime.datetime.utcnow() is deprecated and scheduled for removal in a future version. Use timezone-aware objects to represent datetimes in UTC: datetime.datetime.now(datetime.UTC).
  "ts": dt.datetime.utcnow().strftime("%Y-%m-%dT%H:%M:%SZ"),
/home/ianmcwherter/golden-home-project/automation/post_pinterest.py:335: DeprecationWarning: datetime.datetime.utcnow() is deprecated and scheduled for removal in a future version. Use timezone-aware objects to represent datetimes in UTC: datetime.datetime.now(datetime.UTC).
  pin["posted_at"] = dt.datetime.utcnow().strftime("%Y-%m-%dT%H:%M:%SZ")
/home/ianmcwherter/golden-home-project/automation/post_pinterest.py:70: DeprecationWarning: datetime.datetime.utcnow() is deprecated and scheduled for removal in a future version. Use timezone-aware objects to represent datetimes in UTC: datetime.datetime.now(datetime.UTC).
  e = {"ts": dt.datetime.utcnow().strftime("%Y-%m-%dT%H:%M:%SZ"),
/home/ianmcwherter/golden-home-project/automation/post_pinterest.py:88: DeprecationWarning: datetime.datetime.utcnow() is deprecated and scheduled for removal in a future version. Use timezone-aware objects to represent datetimes in UTC: datetime.datetime.now(datetime.UTC).
  "ts": dt.datetime.utcnow().strftime("%Y-%m-%dT%H:%M:%SZ"),
/home/ianmcwherter/golden-home-project/automation/post_pinterest.py:335: DeprecationWarning: datetime.datetime.utcnow() is deprecated and scheduled for removal in a future version. Use timezone-aware objects to represent datetimes in UTC: datetime.datetime.now(datetime.UTC).
  pin["posted_at"] = dt.datetime.utcnow().strftime("%Y-%m-%dT%H:%M:%SZ")
/home/ianmcwherter/golden-home-project/automation/post_pinterest.py:70: DeprecationWarning: datetime.datetime.utcnow() is deprecated and scheduled for removal in a future version. Use timezone-aware objects to represent datetimes in UTC: datetime.datetime.now(datetime.UTC).
  e = {"ts": dt.datetime.utcnow().strftime("%Y-%m-%dT%H:%M:%SZ"),
/home/ianmcwherter/golden-home-project/automation/post_pinterest.py:88: DeprecationWarning: datetime.datetime.utcnow() is deprecated and scheduled for removal in a future version. Use timezone-aware objects to represent datetimes in UTC: datetime.datetime.now(datetime.UTC).
  "ts": dt.datetime.utcnow().strftime("%Y-%m-%dT%H:%M:%SZ"),
/home/ianmcwherter/golden-home-project/automation/post_pinterest.py:335: DeprecationWarning: datetime.datetime.utcnow() is deprecated and scheduled for removal in a future version. Use timezone-aware objects to represent datetimes in UTC: datetime.datetime.now(datetime.UTC).
  pin["posted_at"] = dt.datetime.utcnow().strftime("%Y-%m-%dT%H:%M:%SZ")
/home/ianmcwherter/golden-home-project/automation/post_pinterest.py:70: DeprecationWarning: datetime.datetime.utcnow() is deprecated and scheduled for removal in a future version. Use timezone-aware objects to represent datetimes in UTC: datetime.datetime.now(datetime.UTC).
  e = {"ts": dt.datetime.utcnow().strftime("%Y-%m-%dT%H:%M:%SZ"),
/home/ianmcwherter/golden-home-project/automation/post_pinterest.py:88: DeprecationWarning: datetime.datetime.utcnow() is deprecated and scheduled for removal in a future version. Use timezone-aware objects to represent datetimes in UTC: datetime.datetime.now(datetime.UTC).
  "ts": dt.datetime.utcnow().strftime("%Y-%m-%dT%H:%M:%SZ"),
/home/ianmcwherter/golden-home-project/automation/post_pinterest.py:335: DeprecationWarning: datetime.datetime.utcnow() is deprecated and scheduled for removal in a future version. Use timezone-aware objects to represent datetimes in UTC: datetime.datetime.now(datetime.UTC).
  pin["posted_at"] = dt.datetime.utcnow().strftime("%Y-%m-%dT%H:%M:%SZ")
/home/ianmcwherter/golden-home-project/automation/post_pinterest.py:70: DeprecationWarning: datetime.datetime.utcnow() is deprecated and scheduled for removal in a future version. Use timezone-aware objects to represent datetimes in UTC: datetime.datetime.now(datetime.UTC).
  e = {"ts": dt.datetime.utcnow().strftime("%Y-%m-%dT%H:%M:%SZ"),
/home/ianmcwherter/golden-home-project/automation/post_pinterest.py:88: DeprecationWarning: datetime.datetime.utcnow() is deprecated and scheduled for removal in a future version. Use timezone-aware objects to represent datetimes in UTC: datetime.datetime.now(datetime.UTC).
  "ts": dt.datetime.utcnow().strftime("%Y-%m-%dT%H:%M:%SZ"),
/home/ianmcwherter/golden-home-project/automation/post_pinterest.py:335: DeprecationWarning: datetime.datetime.utcnow() is deprecated and scheduled for removal in a future version. Use timezone-aware objects to represent datetimes in UTC: datetime.datetime.now(datetime.UTC).
  pin["posted_at"] = dt.datetime.utcnow().strftime("%Y-%m-%dT%H:%M:%SZ")
[pinterest] pin-2026-08-13-B0BHSFZNFY: published
[pinterest] pin-2026-08-14-B08B1B1B2X: published
[pinterest] pin-2026-08-14-B09ZYRCNJH: published
[pinterest] pin-2026-08-14-B08S31RWBK: published
[pinterest] pin-2026-08-14-B08CVT84C9: published
[pinterest] pin-2026-08-15-B0CQVWT2NH: published
[pinterest] pin-2026-08-15-B0B1CNJL7N: published
[pinterest] 7 pin(s) published; 5 pending.
[agent-log] Pushed entry for Pinterest Pipeline
  [skip] B09B126SSJ status='dead' — not ASIN-verified
  [skip] B075NS8YXG status='dead' — not ASIN-verified
  [skip] B08573DQ39 status='dead' — not ASIN-verified
  [skip] B0F29FLLJZ status='dead' — not ASIN-verified
  [pexels] key sha256[:8]=c788d83a
  [pexels] hit 'hands wearing nitrile gloves' -> bg-2026-08-20-B09KTQMMCM.jpg
  [pin] B09KTQMMCM board='Home Organization Finds' link=blog -> social/pinterest/pin-2026-08-20-B09KTQMMCM.png
[pinterest] generated 1 new pin(s); queue now 107 total -> social/pinterest_queue.json
[pin-gen] pushed
/home/ianmcwherter/golden-home-project/automation/post_pinterest.py:120: DeprecationWarning: datetime.datetime.utcnow() is deprecated and scheduled for removal in a future version. Use timezone-aware objects to represent datetimes in UTC: datetime.datetime.now(datetime.UTC).
  today = dt.datetime.utcnow().strftime("%Y-%m-%d")
/home/ianmcwherter/golden-home-project/automation/post_pinterest.py:70: DeprecationWarning: datetime.datetime.utcnow() is deprecated and scheduled for removal in a future version. Use timezone-aware objects to represent datetimes in UTC: datetime.datetime.now(datetime.UTC).
  e = {"ts": dt.datetime.utcnow().strftime("%Y-%m-%dT%H:%M:%SZ"),
/home/ianmcwherter/golden-home-project/automation/post_pinterest.py:88: DeprecationWarning: datetime.datetime.utcnow() is deprecated and scheduled for removal in a future version. Use timezone-aware objects to represent datetimes in UTC: datetime.datetime.now(datetime.UTC).
  "ts": dt.datetime.utcnow().strftime("%Y-%m-%dT%H:%M:%SZ"),
/home/ianmcwherter/golden-home-project/automation/post_pinterest.py:335: DeprecationWarning: datetime.datetime.utcnow() is deprecated and scheduled for removal in a future version. Use timezone-aware objects to represent datetimes in UTC: datetime.datetime.now(datetime.UTC).
  pin["posted_at"] = dt.datetime.utcnow().strftime("%Y-%m-%dT%H:%M:%SZ")
[pinterest] pin-2026-08-15-B0D97YVVQ2: published
[pinterest] 1 pin(s) published; 5 pending.
/home/ianmcwherter/golden-home-project/automation/post_pinterest.py:120: DeprecationWarning: datetime.datetime.utcnow() is deprecated and scheduled for removal in a future version. Use timezone-aware objects to represent datetimes in UTC: datetime.datetime.now(datetime.UTC).
  today = dt.datetime.utcnow().strftime("%Y-%m-%d")
/home/ianmcwherter/golden-home-project/automation/post_pinterest.py:70: DeprecationWarning: datetime.datetime.utcnow() is deprecated and scheduled for removal in a future version. Use timezone-aware objects to represent datetimes in UTC: datetime.datetime.now(datetime.UTC).
  e = {"ts": dt.datetime.utcnow().strftime("%Y-%m-%dT%H:%M:%SZ"),
/home/ianmcwherter/golden-home-project/automation/post_pinterest.py:88: DeprecationWarning: datetime.datetime.utcnow() is deprecated and scheduled for removal in a future version. Use timezone-aware objects to represent datetimes in UTC: datetime.datetime.now(datetime.UTC).
  "ts": dt.datetime.utcnow().strftime("%Y-%m-%dT%H:%M:%SZ"),
/home/ianmcwherter/golden-home-project/automation/post_pinterest.py:335: DeprecationWarning: datetime.datetime.utcnow() is deprecated and scheduled for removal in a future version. Use timezone-aware objects to represent datetimes in UTC: datetime.datetime.now(datetime.UTC).
  pin["posted_at"] = dt.datetime.utcnow().strftime("%Y-%m-%dT%H:%M:%SZ")
/home/ianmcwherter/golden-home-project/automation/post_pinterest.py:70: DeprecationWarning: datetime.datetime.utcnow() is deprecated and scheduled for removal in a future version. Use timezone-aware objects to represent datetimes in UTC: datetime.datetime.now(datetime.UTC).
  e = {"ts": dt.datetime.utcnow().strftime("%Y-%m-%dT%H:%M:%SZ"),
/home/ianmcwherter/golden-home-project/automation/post_pinterest.py:88: DeprecationWarning: datetime.datetime.utcnow() is deprecated and scheduled for removal in a future version. Use timezone-aware objects to represent datetimes in UTC: datetime.datetime.now(datetime.UTC).
  "ts": dt.datetime.utcnow().strftime("%Y-%m-%dT%H:%M:%SZ"),
/home/ianmcwherter/golden-home-project/automation/post_pinterest.py:335: DeprecationWarning: datetime.datetime.utcnow() is deprecated and scheduled for removal in a future version. Use timezone-aware objects to represent datetimes in UTC: datetime.datetime.now(datetime.UTC).
  pin["posted_at"] = dt.datetime.utcnow().strftime("%Y-%m-%dT%H:%M:%SZ")
/home/ianmcwherter/golden-home-project/automation/post_pinterest.py:70: DeprecationWarning: datetime.datetime.utcnow() is deprecated and scheduled for removal in a future version. Use timezone-aware objects to represent datetimes in UTC: datetime.datetime.now(datetime.UTC).
  e = {"ts": dt.datetime.utcnow().strftime("%Y-%m-%dT%H:%M:%SZ"),
/home/ianmcwherter/golden-home-project/automation/post_pinterest.py:88: DeprecationWarning: datetime.datetime.utcnow() is deprecated and scheduled for removal in a future version. Use timezone-aware objects to represent datetimes in UTC: datetime.datetime.now(datetime.UTC).
  "ts": dt.datetime.utcnow().strftime("%Y-%m-%dT%H:%M:%SZ"),
/home/ianmcwherter/golden-home-project/automation/post_pinterest.py:335: DeprecationWarning: datetime.datetime.utcnow() is deprecated and scheduled for removal in a future version. Use timezone-aware objects to represent datetimes in UTC: datetime.datetime.now(datetime.UTC).
  pin["posted_at"] = dt.datetime.utcnow().strftime("%Y-%m-%dT%H:%M:%SZ")
/home/ianmcwherter/golden-home-project/automation/post_pinterest.py:70: DeprecationWarning: datetime.datetime.utcnow() is deprecated and scheduled for removal in a future version. Use timezone-aware objects to represent datetimes in UTC: datetime.datetime.now(datetime.UTC).
  e = {"ts": dt.datetime.utcnow().strftime("%Y-%m-%dT%H:%M:%SZ"),
/home/ianmcwherter/golden-home-project/automation/post_pinterest.py:88: DeprecationWarning: datetime.datetime.utcnow() is deprecated and scheduled for removal in a future version. Use timezone-aware objects to represent datetimes in UTC: datetime.datetime.now(datetime.UTC).
  "ts": dt.datetime.utcnow().strftime("%Y-%m-%dT%H:%M:%SZ"),
/home/ianmcwherter/golden-home-project/automation/post_pinterest.py:335: DeprecationWarning: datetime.datetime.utcnow() is deprecated and scheduled for removal in a future version. Use timezone-aware objects to represent datetimes in UTC: datetime.datetime.now(datetime.UTC).
  pin["posted_at"] = dt.datetime.utcnow().strftime("%Y-%m-%dT%H:%M:%SZ")
/home/ianmcwherter/golden-home-project/automation/post_pinterest.py:70: DeprecationWarning: datetime.datetime.utcnow() is deprecated and scheduled for removal in a future version. Use timezone-aware objects to represent datetimes in UTC: datetime.datetime.now(datetime.UTC).
  e = {"ts": dt.datetime.utcnow().strftime("%Y-%m-%dT%H:%M:%SZ"),
/home/ianmcwherter/golden-home-project/automation/post_pinterest.py:88: DeprecationWarning: datetime.datetime.utcnow() is deprecated and scheduled for removal in a future version. Use timezone-aware objects to represent datetimes in UTC: datetime.datetime.now(datetime.UTC).
  "ts": dt.datetime.utcnow().strftime("%Y-%m-%dT%H:%M:%SZ"),
/home/ianmcwherter/golden-home-project/automation/post_pinterest.py:335: DeprecationWarning: datetime.datetime.utcnow() is deprecated and scheduled for removal in a future version. Use timezone-aware objects to represent datetimes in UTC: datetime.datetime.now(datetime.UTC).
  pin["posted_at"] = dt.datetime.utcnow().strftime("%Y-%m-%dT%H:%M:%SZ")
[pinterest] pin-2026-08-15-B0BNL5MBMY: published
[pinterest] pin-2026-08-17-B08XVP48KQ: published
[pinterest] pin-2026-08-19-B00P7VW2H6: published
[pinterest] pin-2026-08-19-B0BFMKYN12: published
[pinterest] pin-2026-08-20-B09KTQMMCM: published
[pinterest] 5 pin(s) published; 0 pending.
[agent-log] Pushed entry for Pinterest Pipeline
  [skip] B09B126SSJ status='dead' — not ASIN-verified
  [skip] B075NS8YXG status='dead' — not ASIN-verified
  [skip] B08573DQ39 status='dead' — not ASIN-verified
  [skip] B0F29FLLJZ status='dead' — not ASIN-verified
  [pexels] key sha256[:8]=c788d83a
  [pexels] hit 'glass olive oil bottle kitchen' -> bg-2026-08-21-B0CJF94M8J.jpg
  [pin] B0CJF94M8J board='Home Organization Finds' link=blog -> social/pinterest/pin-2026-08-21-B0CJF94M8J.png
[pinterest] generated 1 new pin(s); queue now 108 total -> social/pinterest_queue.json
[pin-gen] pushed
/home/ianmcwherter/golden-home-project/automation/post_pinterest.py:120: DeprecationWarning: datetime.datetime.utcnow() is deprecated and scheduled for removal in a future version. Use timezone-aware objects to represent datetimes in UTC: datetime.datetime.now(datetime.UTC).
  today = dt.datetime.utcnow().strftime("%Y-%m-%d")
/home/ianmcwherter/golden-home-project/automation/post_pinterest.py:70: DeprecationWarning: datetime.datetime.utcnow() is deprecated and scheduled for removal in a future version. Use timezone-aware objects to represent datetimes in UTC: datetime.datetime.now(datetime.UTC).
  e = {"ts": dt.datetime.utcnow().strftime("%Y-%m-%dT%H:%M:%SZ"),
/home/ianmcwherter/golden-home-project/automation/post_pinterest.py:88: DeprecationWarning: datetime.datetime.utcnow() is deprecated and scheduled for removal in a future version. Use timezone-aware objects to represent datetimes in UTC: datetime.datetime.now(datetime.UTC).
  "ts": dt.datetime.utcnow().strftime("%Y-%m-%dT%H:%M:%SZ"),
/home/ianmcwherter/golden-home-project/automation/post_pinterest.py:335: DeprecationWarning: datetime.datetime.utcnow() is deprecated and scheduled for removal in a future version. Use timezone-aware objects to represent datetimes in UTC: datetime.datetime.now(datetime.UTC).
  pin["posted_at"] = dt.datetime.utcnow().strftime("%Y-%m-%dT%H:%M:%SZ")
[pinterest] pin-2026-08-21-B0CJF94M8J: published
[pinterest] 1 pin(s) published; 0 pending.
/home/ianmcwherter/golden-home-project/automation/post_pinterest.py:120: DeprecationWarning: datetime.datetime.utcnow() is deprecated and scheduled for removal in a future version. Use timezone-aware objects to represent datetimes in UTC: datetime.datetime.now(datetime.UTC).
  today = dt.datetime.utcnow().strftime("%Y-%m-%d")
[pinterest] queue empty — nothing to post. Run pinterest_pipeline.py to refill.
[agent-log] Pushed entry for Pinterest Pipeline
  [skip] B09B126SSJ status='dead' — not ASIN-verified
  [skip] B075NS8YXG status='dead' — not ASIN-verified
  [skip] B08573DQ39 status='dead' — not ASIN-verified
  [skip] B0F29FLLJZ status='dead' — not ASIN-verified
  [pexels] key sha256[:8]=c788d83a
  [pexels] hit 'stainless steel water bottle' -> bg-2026-08-22-B0BZYCJK89.jpg
  [pin] B0BZYCJK89 board='Home Organization Finds' link=blog -> social/pinterest/pin-2026-08-22-B0BZYCJK89.png
[pinterest] generated 1 new pin(s); queue now 109 total -> social/pinterest_queue.json
[pin-gen] pushed
/home/ianmcwherter/golden-home-project/automation/post_pinterest.py:120: DeprecationWarning: datetime.datetime.utcnow() is deprecated and scheduled for removal in a future version. Use timezone-aware objects to represent datetimes in UTC: datetime.datetime.now(datetime.UTC).
  today = dt.datetime.utcnow().strftime("%Y-%m-%d")
/home/ianmcwherter/golden-home-project/automation/post_pinterest.py:70: DeprecationWarning: datetime.datetime.utcnow() is deprecated and scheduled for removal in a future version. Use timezone-aware objects to represent datetimes in UTC: datetime.datetime.now(datetime.UTC).
  e = {"ts": dt.datetime.utcnow().strftime("%Y-%m-%dT%H:%M:%SZ"),
/home/ianmcwherter/golden-home-project/automation/post_pinterest.py:88: DeprecationWarning: datetime.datetime.utcnow() is deprecated and scheduled for removal in a future version. Use timezone-aware objects to represent datetimes in UTC: datetime.datetime.now(datetime.UTC).
  "ts": dt.datetime.utcnow().strftime("%Y-%m-%dT%H:%M:%SZ"),
/home/ianmcwherter/golden-home-project/automation/post_pinterest.py:335: DeprecationWarning: datetime.datetime.utcnow() is deprecated and scheduled for removal in a future version. Use timezone-aware objects to represent datetimes in UTC: datetime.datetime.now(datetime.UTC).
  pin["posted_at"] = dt.datetime.utcnow().strftime("%Y-%m-%dT%H:%M:%SZ")
[pinterest] pin-2026-08-22-B0BZYCJK89: published
[pinterest] 1 pin(s) published; 0 pending.
/home/ianmcwherter/golden-home-project/automation/post_pinterest.py:120: DeprecationWarning: datetime.datetime.utcnow() is deprecated and scheduled for removal in a future version. Use timezone-aware objects to represent datetimes in UTC: datetime.datetime.now(datetime.UTC).
  today = dt.datetime.utcnow().strftime("%Y-%m-%d")
[pinterest] queue empty — nothing to post. Run pinterest_pipeline.py to refill.
[agent-log] Pushed entry for Pinterest Pipeline
  [skip] B09B126SSJ status='dead' — not ASIN-verified
  [skip] B075NS8YXG status='dead' — not ASIN-verified
  [skip] B08573DQ39 status='dead' — not ASIN-verified
  [skip] B0F29FLLJZ status='dead' — not ASIN-verified
  [pexels] key sha256[:8]=c788d83a
  [pexels] hit 'candle warmer lamp bedroom' -> bg-2026-08-23-B0CTJGJL2T.jpg
  [pin] B0CTJGJL2T board='Home Organization Finds' link=blog -> social/pinterest/pin-2026-08-23-B0CTJGJL2T.png
  [pexels] key sha256[:8]=c788d83a
  [pexels] hit 'kids lunch bag' -> bg-2026-08-23-B08GY9D3XD.jpg
  [pin] B08GY9D3XD board='Home Organization Finds' link=blog -> social/pinterest/pin-2026-08-23-B08GY9D3XD.png
[pinterest] generated 2 new pin(s); queue now 111 total -> social/pinterest_queue.json
[pin-gen] pushed
/home/ianmcwherter/golden-home-project/automation/post_pinterest.py:120: DeprecationWarning: datetime.datetime.utcnow() is deprecated and scheduled for removal in a future version. Use timezone-aware objects to represent datetimes in UTC: datetime.datetime.now(datetime.UTC).
  today = dt.datetime.utcnow().strftime("%Y-%m-%d")
/home/ianmcwherter/golden-home-project/automation/post_pinterest.py:70: DeprecationWarning: datetime.datetime.utcnow() is deprecated and scheduled for removal in a future version. Use timezone-aware objects to represent datetimes in UTC: datetime.datetime.now(datetime.UTC).
  e = {"ts": dt.datetime.utcnow().strftime("%Y-%m-%dT%H:%M:%SZ"),
/home/ianmcwherter/golden-home-project/automation/post_pinterest.py:88: DeprecationWarning: datetime.datetime.utcnow() is deprecated and scheduled for removal in a future version. Use timezone-aware objects to represent datetimes in UTC: datetime.datetime.now(datetime.UTC).
  "ts": dt.datetime.utcnow().strftime("%Y-%m-%dT%H:%M:%SZ"),
/home/ianmcwherter/golden-home-project/automation/post_pinterest.py:335: DeprecationWarning: datetime.datetime.utcnow() is deprecated and scheduled for removal in a future version. Use timezone-aware objects to represent datetimes in UTC: datetime.datetime.now(datetime.UTC).
  pin["posted_at"] = dt.datetime.utcnow().strftime("%Y-%m-%dT%H:%M:%SZ")
[pinterest] pin-2026-08-23-B0CTJGJL2T: published
[pinterest] 1 pin(s) published; 1 pending.
/home/ianmcwherter/golden-home-project/automation/post_pinterest.py:120: DeprecationWarning: datetime.datetime.utcnow() is deprecated and scheduled for removal in a future version. Use timezone-aware objects to represent datetimes in UTC: datetime.datetime.now(datetime.UTC).
  today = dt.datetime.utcnow().strftime("%Y-%m-%d")
/home/ianmcwherter/golden-home-project/automation/post_pinterest.py:70: DeprecationWarning: datetime.datetime.utcnow() is deprecated and scheduled for removal in a future version. Use timezone-aware objects to represent datetimes in UTC: datetime.datetime.now(datetime.UTC).
  e = {"ts": dt.datetime.utcnow().strftime("%Y-%m-%dT%H:%M:%SZ"),
/home/ianmcwherter/golden-home-project/automation/post_pinterest.py:88: DeprecationWarning: datetime.datetime.utcnow() is deprecated and scheduled for removal in a future version. Use timezone-aware objects to represent datetimes in UTC: datetime.datetime.now(datetime.UTC).
  "ts": dt.datetime.utcnow().strftime("%Y-%m-%dT%H:%M:%SZ"),
/home/ianmcwherter/golden-home-project/automation/post_pinterest.py:335: DeprecationWarning: datetime.datetime.utcnow() is deprecated and scheduled for removal in a future version. Use timezone-aware objects to represent datetimes in UTC: datetime.datetime.now(datetime.UTC).
  pin["posted_at"] = dt.datetime.utcnow().strftime("%Y-%m-%dT%H:%M:%SZ")
/home/ianmcwherter/golden-home-project/automation/post_pinterest.py:70: DeprecationWarning: datetime.datetime.utcnow() is deprecated and scheduled for removal in a future version. Use timezone-aware objects to represent datetimes in UTC: datetime.datetime.now(datetime.UTC).
  e = {"ts": dt.datetime.utcnow().strftime("%Y-%m-%dT%H:%M:%SZ"),
/home/ianmcwherter/golden-home-project/automation/post_pinterest.py:88: DeprecationWarning: datetime.datetime.utcnow() is deprecated and scheduled for removal in a future version. Use timezone-aware objects to represent datetimes in UTC: datetime.datetime.now(datetime.UTC).
  "ts": dt.datetime.utcnow().strftime("%Y-%m-%dT%H:%M:%SZ"),
/home/ianmcwherter/golden-home-project/automation/post_pinterest.py:335: DeprecationWarning: datetime.datetime.utcnow() is deprecated and scheduled for removal in a future version. Use timezone-aware objects to represent datetimes in UTC: datetime.datetime.now(datetime.UTC).
  pin["posted_at"] = dt.datetime.utcnow().strftime("%Y-%m-%dT%H:%M:%SZ")
/home/ianmcwherter/golden-home-project/automation/post_pinterest.py:70: DeprecationWarning: datetime.datetime.utcnow() is deprecated and scheduled for removal in a future version. Use timezone-aware objects to represent datetimes in UTC: datetime.datetime.now(datetime.UTC).
  e = {"ts": dt.datetime.utcnow().strftime("%Y-%m-%dT%H:%M:%SZ"),
/home/ianmcwherter/golden-home-project/automation/post_pinterest.py:88: DeprecationWarning: datetime.datetime.utcnow() is deprecated and scheduled for removal in a future version. Use timezone-aware objects to represent datetimes in UTC: datetime.datetime.now(datetime.UTC).
  "ts": dt.datetime.utcnow().strftime("%Y-%m-%dT%H:%M:%SZ"),
/home/ianmcwherter/golden-home-project/automation/post_pinterest.py:335: DeprecationWarning: datetime.datetime.utcnow() is deprecated and scheduled for removal in a future version. Use timezone-aware objects to represent datetimes in UTC: datetime.datetime.now(datetime.UTC).
  pin["posted_at"] = dt.datetime.utcnow().strftime("%Y-%m-%dT%H:%M:%SZ")
/home/ianmcwherter/golden-home-project/automation/post_pinterest.py:70: DeprecationWarning: datetime.datetime.utcnow() is deprecated and scheduled for removal in a future version. Use timezone-aware objects to represent datetimes in UTC: datetime.datetime.now(datetime.UTC).
  e = {"ts": dt.datetime.utcnow().strftime("%Y-%m-%dT%H:%M:%SZ"),
/home/ianmcwherter/golden-home-project/automation/post_pinterest.py:88: DeprecationWarning: datetime.datetime.utcnow() is deprecated and scheduled for removal in a future version. Use timezone-aware objects to represent datetimes in UTC: datetime.datetime.now(datetime.UTC).
  "ts": dt.datetime.utcnow().strftime("%Y-%m-%dT%H:%M:%SZ"),
/home/ianmcwherter/golden-home-project/automation/post_pinterest.py:335: DeprecationWarning: datetime.datetime.utcnow() is deprecated and scheduled for removal in a future version. Use timezone-aware objects to represent datetimes in UTC: datetime.datetime.now(datetime.UTC).
  pin["posted_at"] = dt.datetime.utcnow().strftime("%Y-%m-%dT%H:%M:%SZ")
/home/ianmcwherter/golden-home-project/automation/post_pinterest.py:70: DeprecationWarning: datetime.datetime.utcnow() is deprecated and scheduled for removal in a future version. Use timezone-aware objects to represent datetimes in UTC: datetime.datetime.now(datetime.UTC).
  e = {"ts": dt.datetime.utcnow().strftime("%Y-%m-%dT%H:%M:%SZ"),
/home/ianmcwherter/golden-home-project/automation/post_pinterest.py:88: DeprecationWarning: datetime.datetime.utcnow() is deprecated and scheduled for removal in a future version. Use timezone-aware objects to represent datetimes in UTC: datetime.datetime.now(datetime.UTC).
  "ts": dt.datetime.utcnow().strftime("%Y-%m-%dT%H:%M:%SZ"),
/home/ianmcwherter/golden-home-project/automation/post_pinterest.py:335: DeprecationWarning: datetime.datetime.utcnow() is deprecated and scheduled for removal in a future version. Use timezone-aware objects to represent datetimes in UTC: datetime.datetime.now(datetime.UTC).
  pin["posted_at"] = dt.datetime.utcnow().strftime("%Y-%m-%dT%H:%M:%SZ")
/home/ianmcwherter/golden-home-project/automation/post_pinterest.py:70: DeprecationWarning: datetime.datetime.utcnow() is deprecated and scheduled for removal in a future version. Use timezone-aware objects to represent datetimes in UTC: datetime.datetime.now(datetime.UTC).
  e = {"ts": dt.datetime.utcnow().strftime("%Y-%m-%dT%H:%M:%SZ"),
/home/ianmcwherter/golden-home-project/automation/post_pinterest.py:88: DeprecationWarning: datetime.datetime.utcnow() is deprecated and scheduled for removal in a future version. Use timezone-aware objects to represent datetimes in UTC: datetime.datetime.now(datetime.UTC).
  "ts": dt.datetime.utcnow().strftime("%Y-%m-%dT%H:%M:%SZ"),
/home/ianmcwherter/golden-home-project/automation/post_pinterest.py:335: DeprecationWarning: datetime.datetime.utcnow() is deprecated and scheduled for removal in a future version. Use timezone-aware objects to represent datetimes in UTC: datetime.datetime.now(datetime.UTC).
  pin["posted_at"] = dt.datetime.utcnow().strftime("%Y-%m-%dT%H:%M:%SZ")
/home/ianmcwherter/golden-home-project/automation/post_pinterest.py:70: DeprecationWarning: datetime.datetime.utcnow() is deprecated and scheduled for removal in a future version. Use timezone-aware objects to represent datetimes in UTC: datetime.datetime.now(datetime.UTC).
  e = {"ts": dt.datetime.utcnow().strftime("%Y-%m-%dT%H:%M:%SZ"),
/home/ianmcwherter/golden-home-project/automation/post_pinterest.py:88: DeprecationWarning: datetime.datetime.utcnow() is deprecated and scheduled for removal in a future version. Use timezone-aware objects to represent datetimes in UTC: datetime.datetime.now(datetime.UTC).
  "ts": dt.datetime.utcnow().strftime("%Y-%m-%dT%H:%M:%SZ"),
/home/ianmcwherter/golden-home-project/automation/post_pinterest.py:335: DeprecationWarning: datetime.datetime.utcnow() is deprecated and scheduled for removal in a future version. Use timezone-aware objects to represent datetimes in UTC: datetime.datetime.now(datetime.UTC).
  pin["posted_at"] = dt.datetime.utcnow().strftime("%Y-%m-%dT%H:%M:%SZ")
[pinterest] pin-2026-08-23-B08GY9D3XD: published
[pinterest] pin-2026-08-23-B081YQBPSS: published
[pinterest] pin-2026-08-23-B08BZFRQLS: published
[pinterest] pin-2026-08-23-B0CJ56M8D4: published
[pinterest] pin-2026-08-23-B0C1NNYJGB: published
[pinterest] pin-2026-08-23-B00LS9UD2M: published
[pinterest] pin-2026-08-23-B00NX0WXQI: published
[pinterest] 7 pin(s) published; 2 pending.
[agent-log] Pushed entry for Pinterest Pipeline
  [skip] B09B126SSJ status='dead' — not ASIN-verified
  [skip] B075NS8YXG status='dead' — not ASIN-verified
  [skip] B08573DQ39 status='dead' — not ASIN-verified
  [skip] B0F29FLLJZ status='dead' — not ASIN-verified
  [skip] B00E4GACB8 pest control — TERRO Liquid Ant Killer Bait Stations
  [pexels] key sha256[:8]=c788d83a
  [pexels] hit 'dark bedroom curtains window' -> bg-2026-08-24-B0881QG5WK.jpg
  [pin] B0881QG5WK board='Home Organization Finds' link=amazon -> social/pinterest/pin-2026-08-24-B0881QG5WK.png
  [pexels] key sha256[:8]=c788d83a
  [pexels] hit 'fluffy throw pillows couch' -> bg-2026-08-24-B0714K41PB.jpg
  [pin] B0714K41PB board='Home Organization Finds' link=amazon -> social/pinterest/pin-2026-08-24-B0714K41PB.png
  [pexels] key sha256[:8]=c788d83a
  [pexels] hit 'bathroom shower curtain' -> bg-2026-08-24-B0DLWDVZCD.jpg
  [pin] B0DLWDVZCD board='Home Organization Finds' link=amazon -> social/pinterest/pin-2026-08-24-B0DLWDVZCD.png
  [pexels] key sha256[:8]=c788d83a
  [pexels] hit 'folded bed sheets mattress' -> bg-2026-08-24-B00MRH9NCK.jpg
  [pin] B00MRH9NCK board='Home Organization Finds' link=amazon -> social/pinterest/pin-2026-08-24-B00MRH9NCK.png
[pinterest] generated 4 new pin(s); queue now 123 total -> social/pinterest_queue.json
Created autostash: ed76255
Applied autostash.
[pin-gen] pushed
/home/ianmcwherter/golden-home-project/automation/post_pinterest.py:120: DeprecationWarning: datetime.datetime.utcnow() is deprecated and scheduled for removal in a future version. Use timezone-aware objects to represent datetimes in UTC: datetime.datetime.now(datetime.UTC).
  today = dt.datetime.utcnow().strftime("%Y-%m-%d")
/home/ianmcwherter/golden-home-project/automation/post_pinterest.py:70: DeprecationWarning: datetime.datetime.utcnow() is deprecated and scheduled for removal in a future version. Use timezone-aware objects to represent datetimes in UTC: datetime.datetime.now(datetime.UTC).
  e = {"ts": dt.datetime.utcnow().strftime("%Y-%m-%dT%H:%M:%SZ"),
/home/ianmcwherter/golden-home-project/automation/post_pinterest.py:88: DeprecationWarning: datetime.datetime.utcnow() is deprecated and scheduled for removal in a future version. Use timezone-aware objects to represent datetimes in UTC: datetime.datetime.now(datetime.UTC).
  "ts": dt.datetime.utcnow().strftime("%Y-%m-%dT%H:%M:%SZ"),
/home/ianmcwherter/golden-home-project/automation/post_pinterest.py:335: DeprecationWarning: datetime.datetime.utcnow() is deprecated and scheduled for removal in a future version. Use timezone-aware objects to represent datetimes in UTC: datetime.datetime.now(datetime.UTC).
  pin["posted_at"] = dt.datetime.utcnow().strftime("%Y-%m-%dT%H:%M:%SZ")
[pinterest] pin-2026-08-23-B09CYLZPYP: published
[pinterest] 1 pin(s) published; 5 pending.
/home/ianmcwherter/golden-home-project/automation/post_pinterest.py:120: DeprecationWarning: datetime.datetime.utcnow() is deprecated and scheduled for removal in a future version. Use timezone-aware objects to represent datetimes in UTC: datetime.datetime.now(datetime.UTC).
  today = dt.datetime.utcnow().strftime("%Y-%m-%d")
/home/ianmcwherter/golden-home-project/automation/post_pinterest.py:70: DeprecationWarning: datetime.datetime.utcnow() is deprecated and scheduled for removal in a future version. Use timezone-aware objects to represent datetimes in UTC: datetime.datetime.now(datetime.UTC).
  e = {"ts": dt.datetime.utcnow().strftime("%Y-%m-%dT%H:%M:%SZ"),
/home/ianmcwherter/golden-home-project/automation/post_pinterest.py:88: DeprecationWarning: datetime.datetime.utcnow() is deprecated and scheduled for removal in a future version. Use timezone-aware objects to represent datetimes in UTC: datetime.datetime.now(datetime.UTC).
  "ts": dt.datetime.utcnow().strftime("%Y-%m-%dT%H:%M:%SZ"),
/home/ianmcwherter/golden-home-project/automation/post_pinterest.py:335: DeprecationWarning: datetime.datetime.utcnow() is deprecated and scheduled for removal in a future version. Use timezone-aware objects to represent datetimes in UTC: datetime.datetime.now(datetime.UTC).
  pin["posted_at"] = dt.datetime.utcnow().strftime("%Y-%m-%dT%H:%M:%SZ")
/home/ianmcwherter/golden-home-project/automation/post_pinterest.py:70: DeprecationWarning: datetime.datetime.utcnow() is deprecated and scheduled for removal in a future version. Use timezone-aware objects to represent datetimes in UTC: datetime.datetime.now(datetime.UTC).
  e = {"ts": dt.datetime.utcnow().strftime("%Y-%m-%dT%H:%M:%SZ"),
/home/ianmcwherter/golden-home-project/automation/post_pinterest.py:88: DeprecationWarning: datetime.datetime.utcnow() is deprecated and scheduled for removal in a future version. Use timezone-aware objects to represent datetimes in UTC: datetime.datetime.now(datetime.UTC).
  "ts": dt.datetime.utcnow().strftime("%Y-%m-%dT%H:%M:%SZ"),
/home/ianmcwherter/golden-home-project/automation/post_pinterest.py:335: DeprecationWarning: datetime.datetime.utcnow() is deprecated and scheduled for removal in a future version. Use timezone-aware objects to represent datetimes in UTC: datetime.datetime.now(datetime.UTC).
  pin["posted_at"] = dt.datetime.utcnow().strftime("%Y-%m-%dT%H:%M:%SZ")
/home/ianmcwherter/golden-home-project/automation/post_pinterest.py:70: DeprecationWarning: datetime.datetime.utcnow() is deprecated and scheduled for removal in a future version. Use timezone-aware objects to represent datetimes in UTC: datetime.datetime.now(datetime.UTC).
  e = {"ts": dt.datetime.utcnow().strftime("%Y-%m-%dT%H:%M:%SZ"),
/home/ianmcwherter/golden-home-project/automation/post_pinterest.py:88: DeprecationWarning: datetime.datetime.utcnow() is deprecated and scheduled for removal in a future version. Use timezone-aware objects to represent datetimes in UTC: datetime.datetime.now(datetime.UTC).
  "ts": dt.datetime.utcnow().strftime("%Y-%m-%dT%H:%M:%SZ"),
/home/ianmcwherter/golden-home-project/automation/post_pinterest.py:335: DeprecationWarning: datetime.datetime.utcnow() is deprecated and scheduled for removal in a future version. Use timezone-aware objects to represent datetimes in UTC: datetime.datetime.now(datetime.UTC).
  pin["posted_at"] = dt.datetime.utcnow().strftime("%Y-%m-%dT%H:%M:%SZ")
/home/ianmcwherter/golden-home-project/automation/post_pinterest.py:70: DeprecationWarning: datetime.datetime.utcnow() is deprecated and scheduled for removal in a future version. Use timezone-aware objects to represent datetimes in UTC: datetime.datetime.now(datetime.UTC).
  e = {"ts": dt.datetime.utcnow().strftime("%Y-%m-%dT%H:%M:%SZ"),
/home/ianmcwherter/golden-home-project/automation/post_pinterest.py:88: DeprecationWarning: datetime.datetime.utcnow() is deprecated and scheduled for removal in a future version. Use timezone-aware objects to represent datetimes in UTC: datetime.datetime.now(datetime.UTC).
  "ts": dt.datetime.utcnow().strftime("%Y-%m-%dT%H:%M:%SZ"),
/home/ianmcwherter/golden-home-project/automation/post_pinterest.py:335: DeprecationWarning: datetime.datetime.utcnow() is deprecated and scheduled for removal in a future version. Use timezone-aware objects to represent datetimes in UTC: datetime.datetime.now(datetime.UTC).
  pin["posted_at"] = dt.datetime.utcnow().strftime("%Y-%m-%dT%H:%M:%SZ")
/home/ianmcwherter/golden-home-project/automation/post_pinterest.py:70: DeprecationWarning: datetime.datetime.utcnow() is deprecated and scheduled for removal in a future version. Use timezone-aware objects to represent datetimes in UTC: datetime.datetime.now(datetime.UTC).
  e = {"ts": dt.datetime.utcnow().strftime("%Y-%m-%dT%H:%M:%SZ"),
/home/ianmcwherter/golden-home-project/automation/post_pinterest.py:88: DeprecationWarning: datetime.datetime.utcnow() is deprecated and scheduled for removal in a future version. Use timezone-aware objects to represent datetimes in UTC: datetime.datetime.now(datetime.UTC).
  "ts": dt.datetime.utcnow().strftime("%Y-%m-%dT%H:%M:%SZ"),
/home/ianmcwherter/golden-home-project/automation/post_pinterest.py:335: DeprecationWarning: datetime.datetime.utcnow() is deprecated and scheduled for removal in a future version. Use timezone-aware objects to represent datetimes in UTC: datetime.datetime.now(datetime.UTC).
  pin["posted_at"] = dt.datetime.utcnow().strftime("%Y-%m-%dT%H:%M:%SZ")
[pinterest] pin-2026-08-23-B0BR3STN87: published
[pinterest] pin-2026-08-24-B0881QG5WK: published
[pinterest] pin-2026-08-24-B0714K41PB: published
[pinterest] pin-2026-08-24-B0DLWDVZCD: published
[pinterest] pin-2026-08-24-B00MRH9NCK: published
[pinterest] 5 pin(s) published; 0 pending.
[agent-log] Pushed entry for Pinterest Pipeline
  [skip] B09B126SSJ status='dead' — not ASIN-verified
  [skip] B075NS8YXG status='dead' — not ASIN-verified
  [skip] B08573DQ39 status='dead' — not ASIN-verified
  [skip] B0F29FLLJZ status='dead' — not ASIN-verified
  [skip] B00E4GACB8 pest control — TERRO Liquid Ant Killer Bait Stations
  [pexels] key sha256[:8]=c788d83a
  [pexels] hit 'bathroom cleaning caddy' -> bg-2026-08-25-B0010B5EQS.jpg
  [pin] B0010B5EQS board='Home Organization Finds' link=amazon -> social/pinterest/pin-2026-08-25-B0010B5EQS.png
  [pexels] key sha256[:8]=c788d83a
  [pexels] hit 'clear shower curtain bathroom' -> bg-2026-08-25-B07236M4HC.jpg
  [pin] B07236M4HC board='Home Organization Finds' link=amazon -> social/pinterest/pin-2026-08-25-B07236M4HC.png
  [pexels] key sha256[:8]=c788d83a
  [pexels] hit 'satin pillowcase bed' -> bg-2026-08-25-B0725WFLMB.jpg
  [pin] B0725WFLMB board='Home Organization Finds' link=amazon -> social/pinterest/pin-2026-08-25-B0725WFLMB.png
  [pexels] key sha256[:8]=c788d83a
  [pexels] hit 'beige linen curtains bedroom' -> bg-2026-08-25-B08SBYPF14.jpg
  [pin] B08SBYPF14 board='Home Organization Finds' link=amazon -> social/pinterest/pin-2026-08-25-B08SBYPF14.png
[pinterest] generated 4 new pin(s); queue now 127 total -> social/pinterest_queue.json
[pin-gen] pushed
/home/ianmcwherter/golden-home-project/automation/post_pinterest.py:120: DeprecationWarning: datetime.datetime.utcnow() is deprecated and scheduled for removal in a future version. Use timezone-aware objects to represent datetimes in UTC: datetime.datetime.now(datetime.UTC).
  today = dt.datetime.utcnow().strftime("%Y-%m-%d")
/home/ianmcwherter/golden-home-project/automation/post_pinterest.py:70: DeprecationWarning: datetime.datetime.utcnow() is deprecated and scheduled for removal in a future version. Use timezone-aware objects to represent datetimes in UTC: datetime.datetime.now(datetime.UTC).
  e = {"ts": dt.datetime.utcnow().strftime("%Y-%m-%dT%H:%M:%SZ"),
/home/ianmcwherter/golden-home-project/automation/post_pinterest.py:88: DeprecationWarning: datetime.datetime.utcnow() is deprecated and scheduled for removal in a future version. Use timezone-aware objects to represent datetimes in UTC: datetime.datetime.now(datetime.UTC).
  "ts": dt.datetime.utcnow().strftime("%Y-%m-%dT%H:%M:%SZ"),
/home/ianmcwherter/golden-home-project/automation/post_pinterest.py:335: DeprecationWarning: datetime.datetime.utcnow() is deprecated and scheduled for removal in a future version. Use timezone-aware objects to represent datetimes in UTC: datetime.datetime.now(datetime.UTC).
  pin["posted_at"] = dt.datetime.utcnow().strftime("%Y-%m-%dT%H:%M:%SZ")
[pinterest] pin-2026-08-25-B0010B5EQS: published
[pinterest] 1 pin(s) published; 3 pending.
/home/ianmcwherter/golden-home-project/automation/post_pinterest.py:120: DeprecationWarning: datetime.datetime.utcnow() is deprecated and scheduled for removal in a future version. Use timezone-aware objects to represent datetimes in UTC: datetime.datetime.now(datetime.UTC).
  today = dt.datetime.utcnow().strftime("%Y-%m-%d")
/home/ianmcwherter/golden-home-project/automation/post_pinterest.py:70: DeprecationWarning: datetime.datetime.utcnow() is deprecated and scheduled for removal in a future version. Use timezone-aware objects to represent datetimes in UTC: datetime.datetime.now(datetime.UTC).
  e = {"ts": dt.datetime.utcnow().strftime("%Y-%m-%dT%H:%M:%SZ"),
/home/ianmcwherter/golden-home-project/automation/post_pinterest.py:88: DeprecationWarning: datetime.datetime.utcnow() is deprecated and scheduled for removal in a future version. Use timezone-aware objects to represent datetimes in UTC: datetime.datetime.now(datetime.UTC).
  "ts": dt.datetime.utcnow().strftime("%Y-%m-%dT%H:%M:%SZ"),
/home/ianmcwherter/golden-home-project/automation/post_pinterest.py:335: DeprecationWarning: datetime.datetime.utcnow() is deprecated and scheduled for removal in a future version. Use timezone-aware objects to represent datetimes in UTC: datetime.datetime.now(datetime.UTC).
  pin["posted_at"] = dt.datetime.utcnow().strftime("%Y-%m-%dT%H:%M:%SZ")
/home/ianmcwherter/golden-home-project/automation/post_pinterest.py:70: DeprecationWarning: datetime.datetime.utcnow() is deprecated and scheduled for removal in a future version. Use timezone-aware objects to represent datetimes in UTC: datetime.datetime.now(datetime.UTC).
  e = {"ts": dt.datetime.utcnow().strftime("%Y-%m-%dT%H:%M:%SZ"),
/home/ianmcwherter/golden-home-project/automation/post_pinterest.py:88: DeprecationWarning: datetime.datetime.utcnow() is deprecated and scheduled for removal in a future version. Use timezone-aware objects to represent datetimes in UTC: datetime.datetime.now(datetime.UTC).
  "ts": dt.datetime.utcnow().strftime("%Y-%m-%dT%H:%M:%SZ"),
/home/ianmcwherter/golden-home-project/automation/post_pinterest.py:335: DeprecationWarning: datetime.datetime.utcnow() is deprecated and scheduled for removal in a future version. Use timezone-aware objects to represent datetimes in UTC: datetime.datetime.now(datetime.UTC).
  pin["posted_at"] = dt.datetime.utcnow().strftime("%Y-%m-%dT%H:%M:%SZ")
/home/ianmcwherter/golden-home-project/automation/post_pinterest.py:70: DeprecationWarning: datetime.datetime.utcnow() is deprecated and scheduled for removal in a future version. Use timezone-aware objects to represent datetimes in UTC: datetime.datetime.now(datetime.UTC).
  e = {"ts": dt.datetime.utcnow().strftime("%Y-%m-%dT%H:%M:%SZ"),
/home/ianmcwherter/golden-home-project/automation/post_pinterest.py:88: DeprecationWarning: datetime.datetime.utcnow() is deprecated and scheduled for removal in a future version. Use timezone-aware objects to represent datetimes in UTC: datetime.datetime.now(datetime.UTC).
  "ts": dt.datetime.utcnow().strftime("%Y-%m-%dT%H:%M:%SZ"),
/home/ianmcwherter/golden-home-project/automation/post_pinterest.py:335: DeprecationWarning: datetime.datetime.utcnow() is deprecated and scheduled for removal in a future version. Use timezone-aware objects to represent datetimes in UTC: datetime.datetime.now(datetime.UTC).
  pin["posted_at"] = dt.datetime.utcnow().strftime("%Y-%m-%dT%H:%M:%SZ")
[pinterest] pin-2026-08-25-B07236M4HC: published
[pinterest] pin-2026-08-25-B0725WFLMB: published
[pinterest] pin-2026-08-25-B08SBYPF14: published
[pinterest] 3 pin(s) published; 0 pending.
[agent-log] Pushed entry for Pinterest Pipeline
  [skip] B09B126SSJ status='dead' — not ASIN-verified
  [skip] B075NS8YXG status='dead' — not ASIN-verified
  [skip] B08573DQ39 status='dead' — not ASIN-verified
  [skip] B0F29FLLJZ status='dead' — not ASIN-verified
  [skip] B00E4GACB8 pest control — TERRO Liquid Ant Killer Bait Stations
  [pexels] key sha256[:8]=c788d83a
  [pexels] hit 'digital bathroom scale' -> bg-2026-08-26-B0BZL5GWVL.jpg
  [pin] B0BZL5GWVL board='Bathroom Storage Ideas' link=amazon -> social/pinterest/pin-2026-08-26-B0BZL5GWVL.png
  [pexels] key sha256[:8]=c788d83a
  [pexels] hit 'black shower curtain rod' -> bg-2026-08-26-B0BY2QZYT9.jpg
  [pin] B0BY2QZYT9 board='Home Organization Finds' link=amazon -> social/pinterest/pin-2026-08-26-B0BY2QZYT9.png
  [pexels] key sha256[:8]=c788d83a
  [pexels] hit 'handheld shower head bathroom' -> bg-2026-08-26-B08WPQ12XX.jpg
  [pin] B08WPQ12XX board='Home Organization Finds' link=amazon -> social/pinterest/pin-2026-08-26-B08WPQ12XX.png
  [pexels] key sha256[:8]=c788d83a
  [pexels] hit 'insulated tumbler coffee cup' -> bg-2026-08-26-B0DF44GN8Y.jpg
  [pin] B0DF44GN8Y board='Home Organization Finds' link=amazon -> social/pinterest/pin-2026-08-26-B0DF44GN8Y.png
[pinterest] generated 4 new pin(s); queue now 131 total -> social/pinterest_queue.json
Created autostash: 2d6be2d
Applied autostash.
[pin-gen] pushed
/home/ianmcwherter/golden-home-project/automation/post_pinterest.py:120: DeprecationWarning: datetime.datetime.utcnow() is deprecated and scheduled for removal in a future version. Use timezone-aware objects to represent datetimes in UTC: datetime.datetime.now(datetime.UTC).
  today = dt.datetime.utcnow().strftime("%Y-%m-%d")
/home/ianmcwherter/golden-home-project/automation/post_pinterest.py:70: DeprecationWarning: datetime.datetime.utcnow() is deprecated and scheduled for removal in a future version. Use timezone-aware objects to represent datetimes in UTC: datetime.datetime.now(datetime.UTC).
  e = {"ts": dt.datetime.utcnow().strftime("%Y-%m-%dT%H:%M:%SZ"),
/home/ianmcwherter/golden-home-project/automation/post_pinterest.py:88: DeprecationWarning: datetime.datetime.utcnow() is deprecated and scheduled for removal in a future version. Use timezone-aware objects to represent datetimes in UTC: datetime.datetime.now(datetime.UTC).
  "ts": dt.datetime.utcnow().strftime("%Y-%m-%dT%H:%M:%SZ"),
/home/ianmcwherter/golden-home-project/automation/post_pinterest.py:335: DeprecationWarning: datetime.datetime.utcnow() is deprecated and scheduled for removal in a future version. Use timezone-aware objects to represent datetimes in UTC: datetime.datetime.now(datetime.UTC).
  pin["posted_at"] = dt.datetime.utcnow().strftime("%Y-%m-%dT%H:%M:%SZ")
[pinterest] pin-2026-08-26-B0BZL5GWVL: published
[pinterest] 1 pin(s) published; 3 pending.
/home/ianmcwherter/golden-home-project/automation/post_pinterest.py:120: DeprecationWarning: datetime.datetime.utcnow() is deprecated and scheduled for removal in a future version. Use timezone-aware objects to represent datetimes in UTC: datetime.datetime.now(datetime.UTC).
  today = dt.datetime.utcnow().strftime("%Y-%m-%d")
/home/ianmcwherter/golden-home-project/automation/post_pinterest.py:70: DeprecationWarning: datetime.datetime.utcnow() is deprecated and scheduled for removal in a future version. Use timezone-aware objects to represent datetimes in UTC: datetime.datetime.now(datetime.UTC).
  e = {"ts": dt.datetime.utcnow().strftime("%Y-%m-%dT%H:%M:%SZ"),
/home/ianmcwherter/golden-home-project/automation/post_pinterest.py:88: DeprecationWarning: datetime.datetime.utcnow() is deprecated and scheduled for removal in a future version. Use timezone-aware objects to represent datetimes in UTC: datetime.datetime.now(datetime.UTC).
  "ts": dt.datetime.utcnow().strftime("%Y-%m-%dT%H:%M:%SZ"),
/home/ianmcwherter/golden-home-project/automation/post_pinterest.py:335: DeprecationWarning: datetime.datetime.utcnow() is deprecated and scheduled for removal in a future version. Use timezone-aware objects to represent datetimes in UTC: datetime.datetime.now(datetime.UTC).
  pin["posted_at"] = dt.datetime.utcnow().strftime("%Y-%m-%dT%H:%M:%SZ")
/home/ianmcwherter/golden-home-project/automation/post_pinterest.py:70: DeprecationWarning: datetime.datetime.utcnow() is deprecated and scheduled for removal in a future version. Use timezone-aware objects to represent datetimes in UTC: datetime.datetime.now(datetime.UTC).
  e = {"ts": dt.datetime.utcnow().strftime("%Y-%m-%dT%H:%M:%SZ"),
/home/ianmcwherter/golden-home-project/automation/post_pinterest.py:88: DeprecationWarning: datetime.datetime.utcnow() is deprecated and scheduled for removal in a future version. Use timezone-aware objects to represent datetimes in UTC: datetime.datetime.now(datetime.UTC).
  "ts": dt.datetime.utcnow().strftime("%Y-%m-%dT%H:%M:%SZ"),
/home/ianmcwherter/golden-home-project/automation/post_pinterest.py:335: DeprecationWarning: datetime.datetime.utcnow() is deprecated and scheduled for removal in a future version. Use timezone-aware objects to represent datetimes in UTC: datetime.datetime.now(datetime.UTC).
  pin["posted_at"] = dt.datetime.utcnow().strftime("%Y-%m-%dT%H:%M:%SZ")
/home/ianmcwherter/golden-home-project/automation/post_pinterest.py:70: DeprecationWarning: datetime.datetime.utcnow() is deprecated and scheduled for removal in a future version. Use timezone-aware objects to represent datetimes in UTC: datetime.datetime.now(datetime.UTC).
  e = {"ts": dt.datetime.utcnow().strftime("%Y-%m-%dT%H:%M:%SZ"),
/home/ianmcwherter/golden-home-project/automation/post_pinterest.py:88: DeprecationWarning: datetime.datetime.utcnow() is deprecated and scheduled for removal in a future version. Use timezone-aware objects to represent datetimes in UTC: datetime.datetime.now(datetime.UTC).
  "ts": dt.datetime.utcnow().strftime("%Y-%m-%dT%H:%M:%SZ"),
/home/ianmcwherter/golden-home-project/automation/post_pinterest.py:335: DeprecationWarning: datetime.datetime.utcnow() is deprecated and scheduled for removal in a future version. Use timezone-aware objects to represent datetimes in UTC: datetime.datetime.now(datetime.UTC).
  pin["posted_at"] = dt.datetime.utcnow().strftime("%Y-%m-%dT%H:%M:%SZ")
[pinterest] pin-2026-08-26-B0BY2QZYT9: published
[pinterest] pin-2026-08-26-B08WPQ12XX: published
[pinterest] pin-2026-08-26-B0DF44GN8Y: published
[pinterest] 3 pin(s) published; 0 pending.
[agent-log] Pushed entry for Pinterest Pipeline
  [skip] B09B126SSJ status='dead' — not ASIN-verified
  [skip] B075NS8YXG status='dead' — not ASIN-verified
  [skip] B08573DQ39 status='dead' — not ASIN-verified
  [skip] B0F29FLLJZ status='dead' — not ASIN-verified
  [skip] B00E4GACB8 pest control — TERRO Liquid Ant Killer Bait Stations
  [pexels] key sha256[:8]=c788d83a
  [pexels] hit 'grey fitted bed sheet' -> bg-2026-08-27-B01IE7P2VW.jpg
  [pin] B01IE7P2VW board='Home Organization Finds' link=amazon -> social/pinterest/pin-2026-08-27-B01IE7P2VW.png
  [pexels] key sha256[:8]=c788d83a
  [pexels] hit 'bathtub shower mat' -> bg-2026-08-27-B01F5K9YNS.jpg
  [pin] B01F5K9YNS board='Home Organization Finds' link=amazon -> social/pinterest/pin-2026-08-27-B01F5K9YNS.png
  [pexels] key sha256[:8]=c788d83a
  [pexels] hit 'dark bedroom curtains window' -> bg-2026-08-27-B0F332CCLK.jpg
  [pin] B0F332CCLK board='Home Organization Finds' link=amazon -> social/pinterest/pin-2026-08-27-B0F332CCLK.png
  [pexels] key sha256[:8]=c788d83a
  [pexels] hit 'glass shower door squeegee' -> bg-2026-08-27-B0BZZDPPRX.jpg
  [pin] B0BZZDPPRX board='Bathroom Storage Ideas' link=amazon -> social/pinterest/pin-2026-08-27-B0BZZDPPRX.png
[pinterest] generated 4 new pin(s); queue now 135 total -> social/pinterest_queue.json
Created autostash: 79540f8
Applied autostash.
[pin-gen] pushed
/home/ianmcwherter/golden-home-project/automation/post_pinterest.py:120: DeprecationWarning: datetime.datetime.utcnow() is deprecated and scheduled for removal in a future version. Use timezone-aware objects to represent datetimes in UTC: datetime.datetime.now(datetime.UTC).
  today = dt.datetime.utcnow().strftime("%Y-%m-%d")
/home/ianmcwherter/golden-home-project/automation/post_pinterest.py:70: DeprecationWarning: datetime.datetime.utcnow() is deprecated and scheduled for removal in a future version. Use timezone-aware objects to represent datetimes in UTC: datetime.datetime.now(datetime.UTC).
  e = {"ts": dt.datetime.utcnow().strftime("%Y-%m-%dT%H:%M:%SZ"),
/home/ianmcwherter/golden-home-project/automation/post_pinterest.py:88: DeprecationWarning: datetime.datetime.utcnow() is deprecated and scheduled for removal in a future version. Use timezone-aware objects to represent datetimes in UTC: datetime.datetime.now(datetime.UTC).
  "ts": dt.datetime.utcnow().strftime("%Y-%m-%dT%H:%M:%SZ"),
/home/ianmcwherter/golden-home-project/automation/post_pinterest.py:335: DeprecationWarning: datetime.datetime.utcnow() is deprecated and scheduled for removal in a future version. Use timezone-aware objects to represent datetimes in UTC: datetime.datetime.now(datetime.UTC).
  pin["posted_at"] = dt.datetime.utcnow().strftime("%Y-%m-%dT%H:%M:%SZ")
[pinterest] pin-2026-08-27-B01IE7P2VW: published
[pinterest] 1 pin(s) published; 3 pending.
/home/ianmcwherter/golden-home-project/automation/post_pinterest.py:120: DeprecationWarning: datetime.datetime.utcnow() is deprecated and scheduled for removal in a future version. Use timezone-aware objects to represent datetimes in UTC: datetime.datetime.now(datetime.UTC).
  today = dt.datetime.utcnow().strftime("%Y-%m-%d")
/home/ianmcwherter/golden-home-project/automation/post_pinterest.py:70: DeprecationWarning: datetime.datetime.utcnow() is deprecated and scheduled for removal in a future version. Use timezone-aware objects to represent datetimes in UTC: datetime.datetime.now(datetime.UTC).
  e = {"ts": dt.datetime.utcnow().strftime("%Y-%m-%dT%H:%M:%SZ"),
/home/ianmcwherter/golden-home-project/automation/post_pinterest.py:88: DeprecationWarning: datetime.datetime.utcnow() is deprecated and scheduled for removal in a future version. Use timezone-aware objects to represent datetimes in UTC: datetime.datetime.now(datetime.UTC).
  "ts": dt.datetime.utcnow().strftime("%Y-%m-%dT%H:%M:%SZ"),
/home/ianmcwherter/golden-home-project/automation/post_pinterest.py:335: DeprecationWarning: datetime.datetime.utcnow() is deprecated and scheduled for removal in a future version. Use timezone-aware objects to represent datetimes in UTC: datetime.datetime.now(datetime.UTC).
  pin["posted_at"] = dt.datetime.utcnow().strftime("%Y-%m-%dT%H:%M:%SZ")
/home/ianmcwherter/golden-home-project/automation/post_pinterest.py:70: DeprecationWarning: datetime.datetime.utcnow() is deprecated and scheduled for removal in a future version. Use timezone-aware objects to represent datetimes in UTC: datetime.datetime.now(datetime.UTC).
  e = {"ts": dt.datetime.utcnow().strftime("%Y-%m-%dT%H:%M:%SZ"),
/home/ianmcwherter/golden-home-project/automation/post_pinterest.py:88: DeprecationWarning: datetime.datetime.utcnow() is deprecated and scheduled for removal in a future version. Use timezone-aware objects to represent datetimes in UTC: datetime.datetime.now(datetime.UTC).
  "ts": dt.datetime.utcnow().strftime("%Y-%m-%dT%H:%M:%SZ"),
/home/ianmcwherter/golden-home-project/automation/post_pinterest.py:335: DeprecationWarning: datetime.datetime.utcnow() is deprecated and scheduled for removal in a future version. Use timezone-aware objects to represent datetimes in UTC: datetime.datetime.now(datetime.UTC).
  pin["posted_at"] = dt.datetime.utcnow().strftime("%Y-%m-%dT%H:%M:%SZ")
/home/ianmcwherter/golden-home-project/automation/post_pinterest.py:70: DeprecationWarning: datetime.datetime.utcnow() is deprecated and scheduled for removal in a future version. Use timezone-aware objects to represent datetimes in UTC: datetime.datetime.now(datetime.UTC).
  e = {"ts": dt.datetime.utcnow().strftime("%Y-%m-%dT%H:%M:%SZ"),
/home/ianmcwherter/golden-home-project/automation/post_pinterest.py:88: DeprecationWarning: datetime.datetime.utcnow() is deprecated and scheduled for removal in a future version. Use timezone-aware objects to represent datetimes in UTC: datetime.datetime.now(datetime.UTC).
  "ts": dt.datetime.utcnow().strftime("%Y-%m-%dT%H:%M:%SZ"),
/home/ianmcwherter/golden-home-project/automation/post_pinterest.py:335: DeprecationWarning: datetime.datetime.utcnow() is deprecated and scheduled for removal in a future version. Use timezone-aware objects to represent datetimes in UTC: datetime.datetime.now(datetime.UTC).
  pin["posted_at"] = dt.datetime.utcnow().strftime("%Y-%m-%dT%H:%M:%SZ")
[pinterest] pin-2026-08-27-B01F5K9YNS: published
[pinterest] pin-2026-08-27-B0F332CCLK: published
[pinterest] pin-2026-08-27-B0BZZDPPRX: published
[pinterest] 3 pin(s) published; 0 pending.
[agent-log] Pushed entry for Pinterest Pipeline
  [skip] B09B126SSJ status='dead' — not ASIN-verified
  [skip] B075NS8YXG status='dead' — not ASIN-verified
  [skip] B08573DQ39 status='dead' — not ASIN-verified
  [skip] B0F29FLLJZ status='dead' — not ASIN-verified
  [skip] B00E4GACB8 pest control — TERRO Liquid Ant Killer Bait Stations
  [pexels] key sha256[:8]=c788d83a
  [pexels] hit 'folded washcloths bathroom shelf' -> bg-2026-08-28-B010S5VXKC.jpg
  [pin] B010S5VXKC board='Bathroom Storage Ideas' link=amazon -> social/pinterest/pin-2026-08-28-B010S5VXKC.png
  [pexels] key sha256[:8]=c788d83a
  [pexels] hit 'white hotel bed pillows' -> bg-2026-08-28-B08DTH86Q2.jpg
  [pin] B08DTH86Q2 board='Home Organization Finds' link=amazon -> social/pinterest/pin-2026-08-28-B08DTH86Q2.png
  [pexels] key sha256[:8]=c788d83a
  [pexels] hit 'mop bucket floor cleaning' -> bg-2026-08-28-B00WSWGVZQ.jpg
  [pin] B00WSWGVZQ board='Home Organization Finds' link=amazon -> social/pinterest/pin-2026-08-28-B00WSWGVZQ.png
  [pexels] key sha256[:8]=c788d83a
  [pexels] hit 'shower curtain rod hooks' -> bg-2026-08-28-B011CBJGZK.jpg
  [pin] B011CBJGZK board='Bathroom Storage Ideas' link=amazon -> social/pinterest/pin-2026-08-28-B011CBJGZK.png
[pinterest] generated 4 new pin(s); queue now 139 total -> social/pinterest_queue.json
[pin-gen] pushed
/home/ianmcwherter/golden-home-project/automation/post_pinterest.py:120: DeprecationWarning: datetime.datetime.utcnow() is deprecated and scheduled for removal in a future version. Use timezone-aware objects to represent datetimes in UTC: datetime.datetime.now(datetime.UTC).
  today = dt.datetime.utcnow().strftime("%Y-%m-%d")
/home/ianmcwherter/golden-home-project/automation/post_pinterest.py:70: DeprecationWarning: datetime.datetime.utcnow() is deprecated and scheduled for removal in a future version. Use timezone-aware objects to represent datetimes in UTC: datetime.datetime.now(datetime.UTC).
  e = {"ts": dt.datetime.utcnow().strftime("%Y-%m-%dT%H:%M:%SZ"),
/home/ianmcwherter/golden-home-project/automation/post_pinterest.py:88: DeprecationWarning: datetime.datetime.utcnow() is deprecated and scheduled for removal in a future version. Use timezone-aware objects to represent datetimes in UTC: datetime.datetime.now(datetime.UTC).
  "ts": dt.datetime.utcnow().strftime("%Y-%m-%dT%H:%M:%SZ"),
/home/ianmcwherter/golden-home-project/automation/post_pinterest.py:335: DeprecationWarning: datetime.datetime.utcnow() is deprecated and scheduled for removal in a future version. Use timezone-aware objects to represent datetimes in UTC: datetime.datetime.now(datetime.UTC).
  pin["posted_at"] = dt.datetime.utcnow().strftime("%Y-%m-%dT%H:%M:%SZ")
[pinterest] pin-2026-08-28-B010S5VXKC: published
[pinterest] 1 pin(s) published; 3 pending.
/home/ianmcwherter/golden-home-project/automation/post_pinterest.py:120: DeprecationWarning: datetime.datetime.utcnow() is deprecated and scheduled for removal in a future version. Use timezone-aware objects to represent datetimes in UTC: datetime.datetime.now(datetime.UTC).
  today = dt.datetime.utcnow().strftime("%Y-%m-%d")
/home/ianmcwherter/golden-home-project/automation/post_pinterest.py:70: DeprecationWarning: datetime.datetime.utcnow() is deprecated and scheduled for removal in a future version. Use timezone-aware objects to represent datetimes in UTC: datetime.datetime.now(datetime.UTC).
  e = {"ts": dt.datetime.utcnow().strftime("%Y-%m-%dT%H:%M:%SZ"),
/home/ianmcwherter/golden-home-project/automation/post_pinterest.py:88: DeprecationWarning: datetime.datetime.utcnow() is deprecated and scheduled for removal in a future version. Use timezone-aware objects to represent datetimes in UTC: datetime.datetime.now(datetime.UTC).
  "ts": dt.datetime.utcnow().strftime("%Y-%m-%dT%H:%M:%SZ"),
/home/ianmcwherter/golden-home-project/automation/post_pinterest.py:335: DeprecationWarning: datetime.datetime.utcnow() is deprecated and scheduled for removal in a future version. Use timezone-aware objects to represent datetimes in UTC: datetime.datetime.now(datetime.UTC).
  pin["posted_at"] = dt.datetime.utcnow().strftime("%Y-%m-%dT%H:%M:%SZ")
/home/ianmcwherter/golden-home-project/automation/post_pinterest.py:70: DeprecationWarning: datetime.datetime.utcnow() is deprecated and scheduled for removal in a future version. Use timezone-aware objects to represent datetimes in UTC: datetime.datetime.now(datetime.UTC).
  e = {"ts": dt.datetime.utcnow().strftime("%Y-%m-%dT%H:%M:%SZ"),
/home/ianmcwherter/golden-home-project/automation/post_pinterest.py:88: DeprecationWarning: datetime.datetime.utcnow() is deprecated and scheduled for removal in a future version. Use timezone-aware objects to represent datetimes in UTC: datetime.datetime.now(datetime.UTC).
  "ts": dt.datetime.utcnow().strftime("%Y-%m-%dT%H:%M:%SZ"),
/home/ianmcwherter/golden-home-project/automation/post_pinterest.py:335: DeprecationWarning: datetime.datetime.utcnow() is deprecated and scheduled for removal in a future version. Use timezone-aware objects to represent datetimes in UTC: datetime.datetime.now(datetime.UTC).
  pin["posted_at"] = dt.datetime.utcnow().strftime("%Y-%m-%dT%H:%M:%SZ")
/home/ianmcwherter/golden-home-project/automation/post_pinterest.py:70: DeprecationWarning: datetime.datetime.utcnow() is deprecated and scheduled for removal in a future version. Use timezone-aware objects to represent datetimes in UTC: datetime.datetime.now(datetime.UTC).
  e = {"ts": dt.datetime.utcnow().strftime("%Y-%m-%dT%H:%M:%SZ"),
/home/ianmcwherter/golden-home-project/automation/post_pinterest.py:88: DeprecationWarning: datetime.datetime.utcnow() is deprecated and scheduled for removal in a future version. Use timezone-aware objects to represent datetimes in UTC: datetime.datetime.now(datetime.UTC).
  "ts": dt.datetime.utcnow().strftime("%Y-%m-%dT%H:%M:%SZ"),
/home/ianmcwherter/golden-home-project/automation/post_pinterest.py:335: DeprecationWarning: datetime.datetime.utcnow() is deprecated and scheduled for removal in a future version. Use timezone-aware objects to represent datetimes in UTC: datetime.datetime.now(datetime.UTC).
  pin["posted_at"] = dt.datetime.utcnow().strftime("%Y-%m-%dT%H:%M:%SZ")
[pinterest] pin-2026-08-28-B08DTH86Q2: published
[pinterest] pin-2026-08-28-B00WSWGVZQ: published
[pinterest] pin-2026-08-28-B011CBJGZK: published
[pinterest] 3 pin(s) published; 0 pending.
[agent-log] Pushed entry for Pinterest Pipeline
  [skip] B09B126SSJ status='dead' — not ASIN-verified
  [skip] B075NS8YXG status='dead' — not ASIN-verified
  [skip] B08573DQ39 status='dead' — not ASIN-verified
  [skip] B0F29FLLJZ status='dead' — not ASIN-verified
  [skip] B00E4GACB8 pest control — TERRO Liquid Ant Killer Bait Stations
  [pexels] key sha256[:8]=c788d83a
  [pexels] hit 'lumbar pillow couch' -> bg-2026-08-29-B083LMRXJC.jpg
  [pin] B083LMRXJC board='Home Organization Finds' link=amazon -> social/pinterest/pin-2026-08-29-B083LMRXJC.png
  [pexels] key sha256[:8]=c788d83a
  [pexels] hit 'shower curtain bathroom' -> bg-2026-08-29-B087T2M1YX.jpg
  [pin] B087T2M1YX board='Home Organization Finds' link=amazon -> social/pinterest/pin-2026-08-29-B087T2M1YX.png
  [pexels] key sha256[:8]=c788d83a
  [pexels] hit 'coffee beans kitchen counter' -> bg-2026-08-29-B000SDKDM4.jpg
  [pin] B000SDKDM4 board='Kitchen Organization Ideas' link=amazon -> social/pinterest/pin-2026-08-29-B000SDKDM4.png
  [pexels] key sha256[:8]=c788d83a
  [pexels] hit 'stainless steel water bottle' -> bg-2026-08-29-B0FK124QCT.jpg
  [pin] B0FK124QCT board='Kitchen Organization Ideas' link=amazon -> social/pinterest/pin-2026-08-29-B0FK124QCT.png
[pinterest] generated 4 new pin(s); queue now 143 total -> social/pinterest_queue.json
[pin-gen] pushed
/home/ianmcwherter/golden-home-project/automation/post_pinterest.py:120: DeprecationWarning: datetime.datetime.utcnow() is deprecated and scheduled for removal in a future version. Use timezone-aware objects to represent datetimes in UTC: datetime.datetime.now(datetime.UTC).
  today = dt.datetime.utcnow().strftime("%Y-%m-%d")
/home/ianmcwherter/golden-home-project/automation/post_pinterest.py:70: DeprecationWarning: datetime.datetime.utcnow() is deprecated and scheduled for removal in a future version. Use timezone-aware objects to represent datetimes in UTC: datetime.datetime.now(datetime.UTC).
  e = {"ts": dt.datetime.utcnow().strftime("%Y-%m-%dT%H:%M:%SZ"),
/home/ianmcwherter/golden-home-project/automation/post_pinterest.py:88: DeprecationWarning: datetime.datetime.utcnow() is deprecated and scheduled for removal in a future version. Use timezone-aware objects to represent datetimes in UTC: datetime.datetime.now(datetime.UTC).
  "ts": dt.datetime.utcnow().strftime("%Y-%m-%dT%H:%M:%SZ"),
/home/ianmcwherter/golden-home-project/automation/post_pinterest.py:335: DeprecationWarning: datetime.datetime.utcnow() is deprecated and scheduled for removal in a future version. Use timezone-aware objects to represent datetimes in UTC: datetime.datetime.now(datetime.UTC).
  pin["posted_at"] = dt.datetime.utcnow().strftime("%Y-%m-%dT%H:%M:%SZ")
[pinterest] pin-2026-08-29-B083LMRXJC: published
[pinterest] 1 pin(s) published; 3 pending.
/home/ianmcwherter/golden-home-project/automation/post_pinterest.py:120: DeprecationWarning: datetime.datetime.utcnow() is deprecated and scheduled for removal in a future version. Use timezone-aware objects to represent datetimes in UTC: datetime.datetime.now(datetime.UTC).
  today = dt.datetime.utcnow().strftime("%Y-%m-%d")
/home/ianmcwherter/golden-home-project/automation/post_pinterest.py:70: DeprecationWarning: datetime.datetime.utcnow() is deprecated and scheduled for removal in a future version. Use timezone-aware objects to represent datetimes in UTC: datetime.datetime.now(datetime.UTC).
  e = {"ts": dt.datetime.utcnow().strftime("%Y-%m-%dT%H:%M:%SZ"),
/home/ianmcwherter/golden-home-project/automation/post_pinterest.py:88: DeprecationWarning: datetime.datetime.utcnow() is deprecated and scheduled for removal in a future version. Use timezone-aware objects to represent datetimes in UTC: datetime.datetime.now(datetime.UTC).
  "ts": dt.datetime.utcnow().strftime("%Y-%m-%dT%H:%M:%SZ"),
/home/ianmcwherter/golden-home-project/automation/post_pinterest.py:335: DeprecationWarning: datetime.datetime.utcnow() is deprecated and scheduled for removal in a future version. Use timezone-aware objects to represent datetimes in UTC: datetime.datetime.now(datetime.UTC).
  pin["posted_at"] = dt.datetime.utcnow().strftime("%Y-%m-%dT%H:%M:%SZ")
/home/ianmcwherter/golden-home-project/automation/post_pinterest.py:70: DeprecationWarning: datetime.datetime.utcnow() is deprecated and scheduled for removal in a future version. Use timezone-aware objects to represent datetimes in UTC: datetime.datetime.now(datetime.UTC).
  e = {"ts": dt.datetime.utcnow().strftime("%Y-%m-%dT%H:%M:%SZ"),
/home/ianmcwherter/golden-home-project/automation/post_pinterest.py:88: DeprecationWarning: datetime.datetime.utcnow() is deprecated and scheduled for removal in a future version. Use timezone-aware objects to represent datetimes in UTC: datetime.datetime.now(datetime.UTC).
  "ts": dt.datetime.utcnow().strftime("%Y-%m-%dT%H:%M:%SZ"),
/home/ianmcwherter/golden-home-project/automation/post_pinterest.py:335: DeprecationWarning: datetime.datetime.utcnow() is deprecated and scheduled for removal in a future version. Use timezone-aware objects to represent datetimes in UTC: datetime.datetime.now(datetime.UTC).
  pin["posted_at"] = dt.datetime.utcnow().strftime("%Y-%m-%dT%H:%M:%SZ")
/home/ianmcwherter/golden-home-project/automation/post_pinterest.py:70: DeprecationWarning: datetime.datetime.utcnow() is deprecated and scheduled for removal in a future version. Use timezone-aware objects to represent datetimes in UTC: datetime.datetime.now(datetime.UTC).
  e = {"ts": dt.datetime.utcnow().strftime("%Y-%m-%dT%H:%M:%SZ"),
/home/ianmcwherter/golden-home-project/automation/post_pinterest.py:88: DeprecationWarning: datetime.datetime.utcnow() is deprecated and scheduled for removal in a future version. Use timezone-aware objects to represent datetimes in UTC: datetime.datetime.now(datetime.UTC).
  "ts": dt.datetime.utcnow().strftime("%Y-%m-%dT%H:%M:%SZ"),
/home/ianmcwherter/golden-home-project/automation/post_pinterest.py:335: DeprecationWarning: datetime.datetime.utcnow() is deprecated and scheduled for removal in a future version. Use timezone-aware objects to represent datetimes in UTC: datetime.datetime.now(datetime.UTC).
  pin["posted_at"] = dt.datetime.utcnow().strftime("%Y-%m-%dT%H:%M:%SZ")
[pinterest] pin-2026-08-29-B087T2M1YX: published
[pinterest] pin-2026-08-29-B000SDKDM4: published
[pinterest] pin-2026-08-29-B0FK124QCT: published
[pinterest] 3 pin(s) published; 0 pending.
[agent-log] Pushed entry for Pinterest Pipeline
  [skip] B09B126SSJ status='dead' — not ASIN-verified
  [pexels] key sha256[:8]=c788d83a
  [pexels] hit 'black water filter pitcher' -> bg-2026-08-30-B0DG63C2M5.jpg
  [pin] B0DG63C2M5 board='Home Organization Finds' link=amazon -> social/pinterest/pin-2026-08-30-B0DG63C2M5.png
  [pexels] key sha256[:8]=c788d83a
  [pexels] hit 'dorm room bed storage' -> bg-2026-08-30-B00DQVR6WA.jpg
  [pin] B00DQVR6WA board='Home Organization Finds' link=amazon -> social/pinterest/pin-2026-08-30-B00DQVR6WA.png
  [pexels] key sha256[:8]=c788d83a
  [pexels] hit 'rolling utility cart dorm' -> bg-2026-08-30-B0DNF65DK1.jpg
  [pin] B0DNF65DK1 board='Home Organization Finds' link=amazon -> social/pinterest/pin-2026-08-30-B0DNF65DK1.png
  [pexels] key sha256[:8]=c788d83a
  [pexels] hit 'shoe organizer closet door' -> bg-2026-08-30-B0D3LSTZHV.jpg
  [pin] B0D3LSTZHV board='Closet Organization Ideas' link=amazon -> social/pinterest/pin-2026-08-30-B0D3LSTZHV.png
[pinterest] generated 4 new pin(s); queue now 147 total -> social/pinterest_queue.json
[pin-gen] pushed
/home/ianmcwherter/golden-home-project/automation/post_pinterest.py:120: DeprecationWarning: datetime.datetime.utcnow() is deprecated and scheduled for removal in a future version. Use timezone-aware objects to represent datetimes in UTC: datetime.datetime.now(datetime.UTC).
  today = dt.datetime.utcnow().strftime("%Y-%m-%d")
/home/ianmcwherter/golden-home-project/automation/post_pinterest.py:70: DeprecationWarning: datetime.datetime.utcnow() is deprecated and scheduled for removal in a future version. Use timezone-aware objects to represent datetimes in UTC: datetime.datetime.now(datetime.UTC).
  e = {"ts": dt.datetime.utcnow().strftime("%Y-%m-%dT%H:%M:%SZ"),
/home/ianmcwherter/golden-home-project/automation/post_pinterest.py:88: DeprecationWarning: datetime.datetime.utcnow() is deprecated and scheduled for removal in a future version. Use timezone-aware objects to represent datetimes in UTC: datetime.datetime.now(datetime.UTC).
  "ts": dt.datetime.utcnow().strftime("%Y-%m-%dT%H:%M:%SZ"),
/home/ianmcwherter/golden-home-project/automation/post_pinterest.py:335: DeprecationWarning: datetime.datetime.utcnow() is deprecated and scheduled for removal in a future version. Use timezone-aware objects to represent datetimes in UTC: datetime.datetime.now(datetime.UTC).
  pin["posted_at"] = dt.datetime.utcnow().strftime("%Y-%m-%dT%H:%M:%SZ")
[pinterest] pin-2026-08-30-B0DG63C2M5: published
[pinterest] 1 pin(s) published; 3 pending.
/home/ianmcwherter/golden-home-project/automation/post_pinterest.py:120: DeprecationWarning: datetime.datetime.utcnow() is deprecated and scheduled for removal in a future version. Use timezone-aware objects to represent datetimes in UTC: datetime.datetime.now(datetime.UTC).
  today = dt.datetime.utcnow().strftime("%Y-%m-%d")
/home/ianmcwherter/golden-home-project/automation/post_pinterest.py:70: DeprecationWarning: datetime.datetime.utcnow() is deprecated and scheduled for removal in a future version. Use timezone-aware objects to represent datetimes in UTC: datetime.datetime.now(datetime.UTC).
  e = {"ts": dt.datetime.utcnow().strftime("%Y-%m-%dT%H:%M:%SZ"),
/home/ianmcwherter/golden-home-project/automation/post_pinterest.py:88: DeprecationWarning: datetime.datetime.utcnow() is deprecated and scheduled for removal in a future version. Use timezone-aware objects to represent datetimes in UTC: datetime.datetime.now(datetime.UTC).
  "ts": dt.datetime.utcnow().strftime("%Y-%m-%dT%H:%M:%SZ"),
/home/ianmcwherter/golden-home-project/automation/post_pinterest.py:335: DeprecationWarning: datetime.datetime.utcnow() is deprecated and scheduled for removal in a future version. Use timezone-aware objects to represent datetimes in UTC: datetime.datetime.now(datetime.UTC).
  pin["posted_at"] = dt.datetime.utcnow().strftime("%Y-%m-%dT%H:%M:%SZ")
[agent-log] Pushed entry for Pinterest Pipeline
  [mix] 3 price-drop, 82 proven-theme, 131 exploratory (1 in 3 pins explores)
  [skip] B075NS8YXG status='dead' — not ASIN-verified
  [skip] B08573DQ39 status='dead' — not ASIN-verified
  [pexels] key sha256[:8]=c788d83a
  [pexels] hit 'digital bathroom scale' -> bg-2026-08-31-B09YR5SWNY.jpg
  [pin] B09YR5SWNY board='Bathroom Storage Ideas' link=amazon -> social/pinterest/pin-2026-08-31-B09YR5SWNY.png
  [skip] B0F29FLLJZ status='dead' — not ASIN-verified
  [skip] B09B126SSJ status='dead' — not ASIN-verified
  [skip] B00E4GACB8 pest control — TERRO Liquid Ant Killer Bait Stations
  [pexels] key sha256[:8]=c788d83a
  [pexels] hit 'zippered storage bags' -> bg-2026-08-31-B086WNKLTM.jpg
  [pin] B086WNKLTM board='Home Storage Solutions' link=amazon -> social/pinterest/pin-2026-08-31-B086WNKLTM.png
  [pexels] key sha256[:8]=c788d83a
  [pexels] hit 'kids water bottle' -> bg-2026-08-31-B09WGL2PYY.jpg
  [pin] B09WGL2PYY board='Home Organization Finds' link=amazon -> social/pinterest/pin-2026-08-31-B09WGL2PYY.png
  [pexels] key sha256[:8]=c788d83a
  [pexels] hit 'kids water bottle lunchbox' -> bg-2026-08-31-B0C9FR5FD8.jpg
  [pin] B0C9FR5FD8 board='Home Organization Finds' link=amazon -> social/pinterest/pin-2026-08-31-B0C9FR5FD8.png
  [pexels] key sha256[:8]=c788d83a
  [pexels] hit 'water bottle car cupholder' -> bg-2026-08-31-B0D8J2ZB8P.jpg
  [pin] B0D8J2ZB8P board='Home Organization Finds' link=amazon -> social/pinterest/pin-2026-08-31-B0D8J2ZB8P.png
  [pexels] key sha256[:8]=c788d83a
  [pexels] hit 'clear adhesive wall hooks' -> bg-2026-08-31-B0B2F55P76.jpg
  [pin] B0B2F55P76 board='Home Organization Finds' link=amazon -> social/pinterest/pin-2026-08-31-B0B2F55P76.png
  [pexels] key sha256[:8]=c788d83a
  [pexels] hit 'meat thermometer grill' -> bg-2026-08-31-B00S93EQUK.jpg
  [pin] B00S93EQUK board='Kitchen Organization Ideas' link=amazon -> social/pinterest/pin-2026-08-31-B00S93EQUK.png
  [pexels] key sha256[:8]=c788d83a
  [pexels] hit 'digital kitchen scale' -> bg-2026-08-31-B06X9NQ8GX.jpg
  [pin] B06X9NQ8GX board='Kitchen Organization Ideas' link=amazon -> social/pinterest/pin-2026-08-31-B06X9NQ8GX.png
  [pexels] key sha256[:8]=c788d83a
  [pexels] hit 'stainless steel water bottle' -> bg-2026-08-31-B0GSH7JDR8.jpg
  [pin] B0GSH7JDR8 board='Kitchen Organization Ideas' link=amazon -> social/pinterest/pin-2026-08-31-B0GSH7JDR8.png
  [pexels] key sha256[:8]=c788d83a
  [pexels] hit 'stainless steel can opener' -> bg-2026-08-31-B07YP2VH4B.jpg
  [pin] B07YP2VH4B board='Kitchen Organization Ideas' link=amazon -> social/pinterest/pin-2026-08-31-B07YP2VH4B.png
[pinterest] generated 10 new pin(s); queue now 190 total -> social/pinterest_queue.json
/home/ianmcwherter/golden-home-project/automation/post_pinterest.py:120: DeprecationWarning: datetime.datetime.utcnow() is deprecated and scheduled for removal in a future version. Use timezone-aware objects to represent datetimes in UTC: datetime.datetime.now(datetime.UTC).
  today = dt.datetime.utcnow().strftime("%Y-%m-%d")
[pinterest] daily cap (6) reached; 35 still pending.
